repeat	model	auc	brier
0	clinical	0.5454545454545454	0.18986719954273343
0	clinical_pair	0.6489510489510489	0.17896683510390352
0	clinical_lineages	0.5979020979020979	0.19115889762661523
0	clinical_lineages_pair	0.6923076923076923	0.18012596659952876
1	clinical	0.4818181818181818	0.200128251726815
1	clinical_pair	0.5867132867132867	0.18664016968078923
1	clinical_lineages	0.5167832167832167	0.20695566678525465
1	clinical_lineages_pair	0.6251748251748251	0.19045371791968216
2	clinical	0.5230769230769231	0.19174267761617103
2	clinical_pair	0.606993006993007	0.18349530167127656
2	clinical_lineages	0.5482517482517483	0.19920175920580444
2	clinical_lineages_pair	0.6671328671328671	0.1869990020073661
3	clinical	0.5125874125874126	0.19296338282341366
3	clinical_pair	0.613986013986014	0.18596050987380336
3	clinical_lineages	0.5202797202797202	0.20789955248945405
3	clinical_lineages_pair	0.627972027972028	0.1929881605382718
4	clinical	0.3958041958041958	0.20670931500890413
4	clinical_pair	0.5412587412587412	0.19453720968655716
4	clinical_lineages	0.47342657342657346	0.20802992976384518
4	clinical_lineages_pair	0.6167832167832168	0.1924685898240609
5	clinical	0.4643356643356643	0.19690698844009583
5	clinical_pair	0.5776223776223776	0.1864441259736683
5	clinical_lineages	0.5153846153846153	0.2033834025731123
5	clinical_lineages_pair	0.6174825174825175	0.1894915742457151
6	clinical	0.5398601398601399	0.19030522959629734
6	clinical_pair	0.6293706293706294	0.18024287192979915
6	clinical_lineages	0.5853146853146853	0.19642400676664615
6	clinical_lineages_pair	0.6552447552447552	0.18569242199986702
7	clinical	0.48951048951048953	0.19459292742768028
7	clinical_pair	0.6090909090909091	0.18267170586638595
7	clinical_lineages	0.5601398601398602	0.1968381149427545
7	clinical_lineages_pair	0.644055944055944	0.1858344363010045
8	clinical	0.4426573426573426	0.1991917690985914
8	clinical_pair	0.5216783216783216	0.1961527421634542
8	clinical_lineages	0.5048951048951049	0.20047841206774744
8	clinical_lineages_pair	0.5783216783216782	0.19551163253384382
9	clinical	0.3979020979020979	0.20138600749849753
9	clinical_pair	0.5734265734265735	0.18904908799394637
9	clinical_lineages	0.479020979020979	0.20490884175534851
9	clinical_lineages_pair	0.6384615384615384	0.18605684669862227
10	clinical	0.46923076923076923	0.1970007333627491
10	clinical_pair	0.5986013986013986	0.18482540314657378
10	clinical_lineages	0.5034965034965035	0.20401467662846925
10	clinical_lineages_pair	0.6153846153846154	0.19069807843744324
11	clinical	0.46363636363636357	0.19866156286605885
11	clinical_pair	0.5902097902097901	0.18980009559712505
11	clinical_lineages	0.5335664335664336	0.20058413787374244
11	clinical_lineages_pair	0.6328671328671329	0.1923011898648694
12	clinical	0.5454545454545455	0.1883850389529767
12	clinical_pair	0.6069930069930071	0.18711666828779006
12	clinical_lineages	0.6083916083916083	0.19606531651859493
12	clinical_lineages_pair	0.6566433566433566	0.19596053936095725
13	clinical	0.4769230769230769	0.1966478439389153
13	clinical_pair	0.5783216783216782	0.1854235767236403
13	clinical_lineages	0.49580419580419577	0.1985701809180624
13	clinical_lineages_pair	0.6468531468531469	0.17985130929182008
14	clinical	0.4685314685314685	0.19423014692690077
14	clinical_pair	0.6125874125874127	0.18592264477318485
14	clinical_lineages	0.5825174825174825	0.19295598848382262
14	clinical_lineages_pair	0.6552447552447552	0.18304565446895857
15	clinical	0.5377622377622377	0.18955686103919214
15	clinical_pair	0.6482517482517482	0.17728463606716788
15	clinical_lineages	0.5937062937062937	0.1906464270875667
15	clinical_lineages_pair	0.7076923076923077	0.1748046650725405
16	clinical	0.5286713286713287	0.1913839594469353
16	clinical_pair	0.586013986013986	0.19482294105516995
16	clinical_lineages	0.4657342657342657	0.23422831589650278
16	clinical_lineages_pair	0.5545454545454546	0.22781911329119103
17	clinical	0.4482517482517483	0.19775892643877113
17	clinical_pair	0.5979020979020979	0.18690536019345955
17	clinical_lineages	0.49650349650349646	0.21172883097761866
17	clinical_lineages_pair	0.6244755244755245	0.20439762460407743
18	clinical	0.5153846153846153	0.19182068633703803
18	clinical_pair	0.6111888111888112	0.1825284631809191
18	clinical_lineages	0.567132867132867	0.19513417931541027
18	clinical_lineages_pair	0.6608391608391608	0.18675238554614162
19	clinical	0.3832167832167832	0.2115706561145104
19	clinical_pair	0.5468531468531468	0.1986376003567469
19	clinical_lineages	0.46853146853146854	0.20911750471101073
19	clinical_lineages_pair	0.6251748251748253	0.19220674230385212
20	clinical	0.4951048951048951	0.19382722402173755
20	clinical_pair	0.6223776223776223	0.18369864043835468
20	clinical_lineages	0.5804195804195804	0.19367305309855776
20	clinical_lineages_pair	0.679020979020979	0.18093522231037215
21	clinical	0.49860139860139857	0.19721046417399307
21	clinical_pair	0.5748251748251748	0.1891072845231137
21	clinical_lineages	0.5048951048951048	0.20366255330933225
21	clinical_lineages_pair	0.581118881118881	0.200586935527839
22	clinical	0.4713286713286713	0.19567910403049596
22	clinical_pair	0.6083916083916084	0.18541394159126076
22	clinical_lineages	0.5286713286713287	0.2036750643789161
22	clinical_lineages_pair	0.679020979020979	0.1949675641395707
23	clinical	0.4909090909090909	0.19627831321107073
23	clinical_pair	0.5188811188811189	0.20906280400443206
23	clinical_lineages	0.5664335664335665	0.1958901382672425
23	clinical_lineages_pair	0.6293706293706294	0.19987265947338517
24	clinical	0.5475524475524476	0.19043454908248256
24	clinical_pair	0.6272727272727273	0.18384316741096807
24	clinical_lineages	0.5874125874125874	0.18989960856665214
24	clinical_lineages_pair	0.6755244755244755	0.1834825873112784
25	clinical	0.4566433566433566	0.19973562699774008
25	clinical_pair	0.5741258741258741	0.1889148446489044
25	clinical_lineages	0.5146853146853148	0.20213348296266564
25	clinical_lineages_pair	0.6398601398601398	0.19154836036995315
26	clinical	0.5398601398601399	0.18839940127340402
26	clinical_pair	0.6111888111888112	0.19245013931189012
26	clinical_lineages	0.5328671328671328	0.20177164206035578
26	clinical_lineages_pair	0.6335664335664335	0.20053377871266465
27	clinical	0.5202797202797202	0.19079807903669704
27	clinical_pair	0.5909090909090909	0.1882049077109594
27	clinical_lineages	0.5881118881118881	0.1918351028545899
27	clinical_lineages_pair	0.6755244755244755	0.1852875172056204
28	clinical	0.5237762237762238	0.19157066102587814
28	clinical_pair	0.6356643356643357	0.18197053583305522
28	clinical_lineages	0.5195804195804196	0.20203991011450723
28	clinical_lineages_pair	0.6384615384615384	0.18693342063488522
29	clinical	0.4832167832167832	0.20135112008845749
29	clinical_pair	0.5629370629370629	0.19572794925335596
29	clinical_lineages	0.5321678321678323	0.2017493467118668
29	clinical_lineages_pair	0.6398601398601399	0.18948113893687524
30	clinical	0.46153846153846156	0.19571886036133831
30	clinical_pair	0.606993006993007	0.18576737733083384
30	clinical_lineages	0.548951048951049	0.20004557669067197
30	clinical_lineages_pair	0.6622377622377622	0.18780697028275342
31	clinical	0.513986013986014	0.19318871821495487
31	clinical_pair	0.6223776223776224	0.18477390899262666
31	clinical_lineages	0.558041958041958	0.19724284296311367
31	clinical_lineages_pair	0.6664335664335665	0.18270576789511206
32	clinical	0.4804195804195804	0.19511901851978022
32	clinical_pair	0.602097902097902	0.18596930373165596
32	clinical_lineages	0.5468531468531469	0.19806262202389596
32	clinical_lineages_pair	0.66013986013986	0.18186261641559573
33	clinical	0.49580419580419577	0.19407442955710924
33	clinical_pair	0.5846153846153846	0.19112076880768092
33	clinical_lineages	0.5398601398601399	0.19686433890550015
33	clinical_lineages_pair	0.6314685314685314	0.19302303577527366
34	clinical	0.48601398601398593	0.1953635360137056
34	clinical_pair	0.572027972027972	0.1898702332013388
34	clinical_lineages	0.5391608391608391	0.19947210750297095
34	clinical_lineages_pair	0.6272727272727272	0.19194625668705445
35	clinical	0.479020979020979	0.19856003111456524
35	clinical_pair	0.5762237762237763	0.19314920269621547
35	clinical_lineages	0.5552447552447553	0.20530416492290943
35	clinical_lineages_pair	0.6230769230769231	0.19730734269008943
36	clinical	0.3895104895104895	0.20624987710372206
36	clinical_pair	0.5223776223776223	0.2054422546066972
36	clinical_lineages	0.451048951048951	0.21171627018698302
36	clinical_lineages_pair	0.5867132867132867	0.1969225785208216
37	clinical	0.5041958041958041	0.19329735171905343
37	clinical_pair	0.5895104895104895	0.19580589619711256
37	clinical_lineages	0.5377622377622377	0.19844477021707974
37	clinical_lineages_pair	0.6223776223776224	0.19054070678343862
38	clinical	0.5034965034965035	0.19312505631534468
38	clinical_pair	0.6020979020979021	0.18749708055271833
38	clinical_lineages	0.5699300699300699	0.19845152604282357
38	clinical_lineages_pair	0.665034965034965	0.18854121794949852
39	clinical	0.5097902097902098	0.19198451143711837
39	clinical_pair	0.6083916083916083	0.1824831788254031
39	clinical_lineages	0.5713286713286714	0.19392744704100812
39	clinical_lineages_pair	0.7027972027972028	0.18026707994464009
40	clinical	0.4839160839160839	0.1963772473349667
40	clinical_pair	0.5706293706293707	0.1935362009111142
40	clinical_lineages	0.5013986013986014	0.20273477001574083
40	clinical_lineages_pair	0.6111888111888112	0.20355298151534948
41	clinical	0.5209790209790209	0.19045947631906437
41	clinical_pair	0.5895104895104895	0.18517911003388396
41	clinical_lineages	0.4937062937062937	0.2040870533619993
41	clinical_lineages_pair	0.6202797202797202	0.18935960290376638
42	clinical	0.5055944055944055	0.19030010188771146
42	clinical_pair	0.6363636363636365	0.1799276072301718
42	clinical_lineages	0.5881118881118881	0.19380914892636583
42	clinical_lineages_pair	0.6776223776223776	0.1878649715619942
43	clinical	0.49650349650349646	0.19689973444358394
43	clinical_pair	0.548951048951049	0.20264919087373148
43	clinical_lineages	0.5328671328671328	0.20193570690505355
43	clinical_lineages_pair	0.6097902097902097	0.19967636946855769
44	clinical	0.5244755244755246	0.19201497506097712
44	clinical_pair	0.6097902097902098	0.18393437968814294
44	clinical_lineages	0.5622377622377622	0.19221728397356982
44	clinical_lineages_pair	0.6496503496503496	0.18451433286294502
45	clinical	0.5391608391608391	0.18935865249718775
45	clinical_pair	0.634965034965035	0.1804869250480224
45	clinical_lineages	0.5755244755244755	0.1951928541876147
45	clinical_lineages_pair	0.6615384615384615	0.1818878467802794
46	clinical	0.48461538461538456	0.19501973843039794
46	clinical_pair	0.6146853146853146	0.18585987854517882
46	clinical_lineages	0.527972027972028	0.2007244702021389
46	clinical_lineages_pair	0.6587412587412587	0.18988597114761072
47	clinical	0.5426573426573427	0.189456629611789
47	clinical_pair	0.6307692307692307	0.18162364995413524
47	clinical_lineages	0.558041958041958	0.20121840475140523
47	clinical_lineages_pair	0.6629370629370629	0.18313193603394062
48	clinical	0.5552447552447553	0.18829091944669166
48	clinical_pair	0.6300699300699301	0.1796309440066
48	clinical_lineages	0.5636363636363636	0.1963722197419627
48	clinical_lineages_pair	0.6517482517482517	0.1873907970411396
49	clinical	0.5076923076923077	0.19463198117654731
49	clinical_pair	0.5909090909090909	0.18597904989611605
49	clinical_lineages	0.5153846153846153	0.21487081806319794
49	clinical_lineages_pair	0.6076923076923078	0.20663626243803723
50	clinical	0.5013986013986014	0.19490849361059812
50	clinical_pair	0.562937062937063	0.18964123005562417
50	clinical_lineages	0.5755244755244755	0.19531396048707889
50	clinical_lineages_pair	0.6489510489510489	0.18886419516143368
51	clinical	0.4643356643356643	0.1983673222480263
51	clinical_pair	0.5713286713286713	0.18935561567751122
51	clinical_lineages	0.5328671328671329	0.2015611790058321
51	clinical_lineages_pair	0.6188811188811189	0.18949347024257643
52	clinical	0.4447552447552447	0.19941525293924722
52	clinical_pair	0.49580419580419577	0.20470086414480718
52	clinical_lineages	0.5132867132867132	0.20523618155568654
52	clinical_lineages_pair	0.5888111888111888	0.20376392719695738
53	clinical	0.48181818181818176	0.19477219483445693
53	clinical_pair	0.5832167832167832	0.19035484921214985
53	clinical_lineages	0.5265734265734265	0.2010674131879369
53	clinical_lineages_pair	0.606993006993007	0.1939972041119592
54	clinical	0.43986013986013983	0.2049126242976865
54	clinical_pair	0.5223776223776224	0.1943374516020855
54	clinical_lineages	0.49020979020979016	0.213355908345407
54	clinical_lineages_pair	0.5874125874125874	0.19946891875236478
55	clinical	0.4083916083916084	0.20201316432049504
55	clinical_pair	0.5797202797202797	0.19135686588993242
55	clinical_lineages	0.5118881118881119	0.21113629614503876
55	clinical_lineages_pair	0.6286713286713287	0.19571084359673466
56	clinical	0.4286713286713286	0.2054499275834295
56	clinical_pair	0.5181818181818182	0.20211992793684444
56	clinical_lineages	0.4965034965034965	0.2060177510252301
56	clinical_lineages_pair	0.5811188811188812	0.20195107099068638
57	clinical	0.5013986013986014	0.19582120455895563
57	clinical_pair	0.5762237762237763	0.19131060280448922
57	clinical_lineages	0.5475524475524476	0.20129889721240538
57	clinical_lineages_pair	0.6335664335664335	0.1969485335483729
58	clinical	0.47482517482517483	0.19709377428965488
58	clinical_pair	0.555944055944056	0.18915344605598716
58	clinical_lineages	0.5209790209790209	0.2056916907625028
58	clinical_lineages_pair	0.6062937062937063	0.19983337900596365
59	clinical	0.5160839160839161	0.1920946256899634
59	clinical_pair	0.6125874125874126	0.18727669252383755
59	clinical_lineages	0.548951048951049	0.19801940259122008
59	clinical_lineages_pair	0.6685314685314685	0.18610738805781663
60	clinical	0.4888111888111888	0.1971859308786554
60	clinical_pair	0.5916083916083916	0.18822044924227907
60	clinical_lineages	0.5377622377622377	0.19834348878447935
60	clinical_lineages_pair	0.6727272727272727	0.1853754651791722
61	clinical	0.451048951048951	0.20085144847124414
61	clinical_pair	0.5545454545454545	0.18945477447212294
61	clinical_lineages	0.4951048951048951	0.20653212624378306
61	clinical_lineages_pair	0.6265734265734265	0.1979550357141666
62	clinical	0.49300699300699297	0.19364800885436645
62	clinical_pair	0.6230769230769231	0.18422483819568977
62	clinical_lineages	0.48811188811188805	0.2091547499910033
62	clinical_lineages_pair	0.6062937062937063	0.19700623482478938
63	clinical	0.4552447552447553	0.19850858329348045
63	clinical_pair	0.5167832167832167	0.19993544153048973
63	clinical_lineages	0.49510489510489514	0.2089242979985144
63	clinical_lineages_pair	0.5643356643356644	0.20577078701762816
64	clinical	0.479020979020979	0.1957484328291892
64	clinical_pair	0.5916083916083916	0.1954822456988947
64	clinical_lineages	0.5363636363636364	0.20140011854684306
64	clinical_lineages_pair	0.6503496503496504	0.19410608969108112
65	clinical	0.4748251748251748	0.1971682081478494
65	clinical_pair	0.5811188811188812	0.1880648194664629
65	clinical_lineages	0.5146853146853146	0.20065321147463455
65	clinical_lineages_pair	0.6202797202797202	0.19187613256758795
66	clinical	0.48671328671328673	0.19529235520445945
66	clinical_pair	0.5762237762237762	0.19712438468665047
66	clinical_lineages	0.5531468531468531	0.19814806973075855
66	clinical_lineages_pair	0.6384615384615384	0.19717688043884313
67	clinical	0.493006993006993	0.19447360516135367
67	clinical_pair	0.6195804195804195	0.18782725922829602
67	clinical_lineages	0.5419580419580419	0.19539569412065189
67	clinical_lineages_pair	0.6650349650349651	0.18848087972830546
68	clinical	0.42447552447552445	0.20638838802799025
68	clinical_pair	0.5251748251748252	0.2022194573009668
68	clinical_lineages	0.5300699300699301	0.21205428628383852
68	clinical_lineages_pair	0.6048951048951049	0.20122684357350704
69	clinical	0.5405594405594405	0.19076171858573784
69	clinical_pair	0.6328671328671329	0.17881787729278878
69	clinical_lineages	0.5895104895104895	0.1935342409024346
69	clinical_lineages_pair	0.676923076923077	0.18040246380735858
70	clinical	0.39999999999999997	0.20350150409367046
70	clinical_pair	0.5818181818181818	0.19651236613617434
70	clinical_lineages	0.5006993006993008	0.20442128183898683
70	clinical_lineages_pair	0.644055944055944	0.1891158482930402
71	clinical	0.5587412587412588	0.18922666100803473
71	clinical_pair	0.6216783216783217	0.1805879602261698
71	clinical_lineages	0.6118881118881119	0.18899988622296873
71	clinical_lineages_pair	0.6692307692307692	0.17931667962368317
72	clinical	0.5265734265734265	0.19195571406387013
72	clinical_pair	0.6055944055944056	0.19146119157993868
72	clinical_lineages	0.5699300699300699	0.19908411991098163
72	clinical_lineages_pair	0.6454545454545455	0.19237678957141344
73	clinical	0.5174825174825175	0.1934691090336736
73	clinical_pair	0.6230769230769231	0.18332441665178295
73	clinical_lineages	0.558041958041958	0.19911636727584786
73	clinical_lineages_pair	0.6559440559440559	0.19003838284568056
74	clinical	0.4258741258741258	0.20309166956964286
74	clinical_pair	0.5692307692307692	0.19378964734147816
74	clinical_lineages	0.5209790209790209	0.20363791652876317
74	clinical_lineages_pair	0.6174825174825174	0.19349080692486806
75	clinical	0.5279720279720279	0.19150880814439897
75	clinical_pair	0.6125874125874126	0.18400651305079307
75	clinical_lineages	0.5783216783216782	0.19606942145783468
75	clinical_lineages_pair	0.665034965034965	0.18516951561740394
76	clinical	0.5041958041958041	0.19313921382354818
76	clinical_pair	0.6188811188811189	0.1862244778960833
76	clinical_lineages	0.5433566433566434	0.19961149586640253
76	clinical_lineages_pair	0.6405594405594405	0.187593411235819
77	clinical	0.49090909090909096	0.1986407324805021
77	clinical_pair	0.5986013986013985	0.19047352136571263
77	clinical_lineages	0.5293706293706293	0.2054382830558429
77	clinical_lineages_pair	0.6412587412587413	0.1894560913728536
78	clinical	0.5174825174825175	0.19295806416897393
78	clinical_pair	0.5937062937062938	0.18778234846141045
78	clinical_lineages	0.5972027972027971	0.1945466377361363
78	clinical_lineages_pair	0.6685314685314685	0.1863172240400869
79	clinical	0.4951048951048951	0.19557624205053722
79	clinical_pair	0.620979020979021	0.18484753420581299
79	clinical_lineages	0.5678321678321678	0.19686749719939853
79	clinical_lineages_pair	0.6699300699300699	0.1849762567332432
80	clinical	0.4608391608391608	0.1985141332473687
80	clinical_pair	0.5531468531468532	0.19192586843604265
80	clinical_lineages	0.5286713286713287	0.20072356320778334
80	clinical_lineages_pair	0.6181818181818182	0.1899987006835897
81	clinical	0.45594405594405596	0.19539629868825625
81	clinical_pair	0.5958041958041957	0.1867819514121899
81	clinical_lineages	0.5244755244755245	0.19673019411687068
81	clinical_lineages_pair	0.6475524475524476	0.18545907783226373
82	clinical	0.444055944055944	0.20142990365006577
82	clinical_pair	0.5678321678321678	0.19333646913912547
82	clinical_lineages	0.4909090909090909	0.20642507528470555
82	clinical_lineages_pair	0.6083916083916083	0.19514523412606896
83	clinical	0.44755244755244755	0.19930837238170707
83	clinical_pair	0.5377622377622377	0.1919888883013375
83	clinical_lineages	0.5083916083916085	0.21069702726515396
83	clinical_lineages_pair	0.5895104895104895	0.2042763915590453
84	clinical	0.5076923076923077	0.19304703249025962
84	clinical_pair	0.6132867132867134	0.1854741978877769
84	clinical_lineages	0.5300699300699301	0.19842091826980796
84	clinical_lineages_pair	0.6615384615384615	0.18679384081129732
85	clinical	0.49090909090909085	0.195286867478857
85	clinical_pair	0.5657342657342657	0.19070363022298675
85	clinical_lineages	0.5895104895104895	0.1977564890023272
85	clinical_lineages_pair	0.6566433566433567	0.1901156601074398
86	clinical	0.3951048951048951	0.20635649833222555
86	clinical_pair	0.5475524475524476	0.19363991815006212
86	clinical_lineages	0.465034965034965	0.2114523083829346
86	clinical_lineages_pair	0.5951048951048951	0.19738576842620947
87	clinical	0.5335664335664336	0.18998465390392702
87	clinical_pair	0.6181818181818182	0.18475520131238082
87	clinical_lineages	0.5524475524475524	0.1941620742704578
87	clinical_lineages_pair	0.6461538461538461	0.18999299424554583
88	clinical	0.5027972027972027	0.1946471100368087
88	clinical_pair	0.6111888111888112	0.1835025576697424
88	clinical_lineages	0.5384615384615384	0.20341404134790136
88	clinical_lineages_pair	0.6461538461538461	0.19474304489716898
89	clinical	0.493006993006993	0.19498928298625204
89	clinical_pair	0.5874125874125874	0.18847096038898017
89	clinical_lineages	0.5475524475524475	0.19589530768189078
89	clinical_lineages_pair	0.6734265734265734	0.18467962539211674
90	clinical	0.44265734265734263	0.20439801673248328
90	clinical_pair	0.5748251748251748	0.1912981529314426
90	clinical_lineages	0.4636363636363636	0.21588136947795097
90	clinical_lineages_pair	0.6125874125874127	0.1941697063729821
91	clinical	0.44475524475524475	0.1977441491599767
91	clinical_pair	0.5706293706293706	0.1937833373530371
91	clinical_lineages	0.5167832167832167	0.20171830426017498
91	clinical_lineages_pair	0.644055944055944	0.19528633351439778
92	clinical	0.5517482517482517	0.18845257520829412
92	clinical_pair	0.6160839160839161	0.18728285925397978
92	clinical_lineages	0.5706293706293706	0.19267076244462533
92	clinical_lineages_pair	0.6517482517482518	0.18992191394626895
93	clinical	0.41818181818181815	0.20085127662367913
93	clinical_pair	0.5685314685314685	0.1954050828104031
93	clinical_lineages	0.48601398601398593	0.20261256260891164
93	clinical_lineages_pair	0.6307692307692307	0.19252170087303372
94	clinical	0.5237762237762238	0.1935509567677093
94	clinical_pair	0.5853146853146853	0.18973580702692225
94	clinical_lineages	0.5552447552447553	0.1969245670981552
94	clinical_lineages_pair	0.6363636363636364	0.18754020747296074
95	clinical	0.448951048951049	0.2002125260537159
95	clinical_pair	0.5797202797202797	0.1873176033728155
95	clinical_lineages	0.49230769230769234	0.20560752047331868
95	clinical_lineages_pair	0.6335664335664335	0.18893311639068125
96	clinical	0.47902097902097895	0.19526213606943454
96	clinical_pair	0.5909090909090909	0.1889633993866937
96	clinical_lineages	0.5713286713286714	0.19262128236226012
96	clinical_lineages_pair	0.6629370629370629	0.18076898902433178
97	clinical	0.47412587412587415	0.19758189836192627
97	clinical_pair	0.6076923076923078	0.1914306570221715
97	clinical_lineages	0.5258741258741259	0.20183286392524163
97	clinical_lineages_pair	0.6342657342657343	0.19275956556386517
98	clinical	0.4762237762237762	0.19524824637073776
98	clinical_pair	0.5566433566433567	0.19215065327409742
98	clinical_lineages	0.4972027972027972	0.201161652302396
98	clinical_lineages_pair	0.5748251748251748	0.2051703247821188
99	clinical	0.4538461538461539	0.19902381843141545
99	clinical_pair	0.5972027972027971	0.1863007221997876
99	clinical_lineages	0.5244755244755245	0.20078540695305935
99	clinical_lineages_pair	0.6475524475524476	0.18404604655233148
100	clinical	0.4769230769230769	0.19653671653795324
100	clinical_pair	0.5741258741258741	0.19056770133262937
100	clinical_lineages	0.5181818181818182	0.20419913363207834
100	clinical_lineages_pair	0.5958041958041959	0.19765810451770283
101	clinical	0.4888111888111888	0.1955220644028509
101	clinical_pair	0.5797202797202796	0.1863223150020126
101	clinical_lineages	0.5048951048951049	0.2098497438807076
101	clinical_lineages_pair	0.6293706293706294	0.19400667453090384
102	clinical	0.5426573426573427	0.19018617584229738
102	clinical_pair	0.6251748251748253	0.18106460134161842
102	clinical_lineages	0.5874125874125874	0.1938968198560855
102	clinical_lineages_pair	0.6510489510489511	0.18144289966474708
103	clinical	0.46293706293706294	0.19404161606105327
103	clinical_pair	0.620979020979021	0.18240047374059626
103	clinical_lineages	0.5384615384615384	0.19712851388235128
103	clinical_lineages_pair	0.6489510489510489	0.18441447797077773
104	clinical	0.4699300699300699	0.1961840310756527
104	clinical_pair	0.5517482517482518	0.19543884538627462
104	clinical_lineages	0.5405594405594405	0.201709592365075
104	clinical_lineages_pair	0.5986013986013986	0.1996462063825588
105	clinical	0.4818181818181818	0.19684856684151864
105	clinical_pair	0.5853146853146853	0.1888979522846461
105	clinical_lineages	0.5041958041958041	0.2142568847526295
105	clinical_lineages_pair	0.5825174825174826	0.20250629209411145
106	clinical	0.5531468531468532	0.1885773467179049
106	clinical_pair	0.6412587412587413	0.17873093439051282
106	clinical_lineages	0.6041958041958041	0.1981915497400883
106	clinical_lineages_pair	0.6552447552447552	0.18804610103031674
107	clinical	0.49370629370629365	0.1955805631226001
107	clinical_pair	0.6083916083916083	0.18232539685716598
107	clinical_lineages	0.4573426573426573	0.21654208479304604
107	clinical_lineages_pair	0.6041958041958042	0.19888262249175023
108	clinical	0.4881118881118881	0.19739177286841858
108	clinical_pair	0.5895104895104895	0.19250974141975988
108	clinical_lineages	0.506993006993007	0.2075582018350215
108	clinical_lineages_pair	0.6230769230769231	0.19455026235998488
109	clinical	0.5237762237762238	0.19138392382506175
109	clinical_pair	0.579020979020979	0.19593915653002472
109	clinical_lineages	0.5951048951048951	0.19160254653216935
109	clinical_lineages_pair	0.6454545454545454	0.19691263227411515
110	clinical	0.4405594405594405	0.20203450071202325
110	clinical_pair	0.544055944055944	0.19067557539491378
110	clinical_lineages	0.44195804195804195	0.21387147092708444
110	clinical_lineages_pair	0.5776223776223777	0.19494130061569012
111	clinical	0.5097902097902097	0.1923336544523693
111	clinical_pair	0.6335664335664336	0.1800112077809016
111	clinical_lineages	0.5594405594405594	0.20550549570145685
111	clinical_lineages_pair	0.6895104895104894	0.18831331660610337
112	clinical	0.4902097902097902	0.1974515026009311
112	clinical_pair	0.5664335664335663	0.19255199431500453
112	clinical_lineages	0.544055944055944	0.19916263830486258
112	clinical_lineages_pair	0.6181818181818182	0.1907484320612845
113	clinical	0.493006993006993	0.19303044060365224
113	clinical_pair	0.6223776223776225	0.1875625795973246
113	clinical_lineages	0.5356643356643357	0.1988684052454741
113	clinical_lineages_pair	0.6482517482517482	0.18983829329425903
114	clinical	0.4769230769230769	0.19780146263375561
114	clinical_pair	0.6006993006993006	0.18195404236614712
114	clinical_lineages	0.5132867132867132	0.2082708810782884
114	clinical_lineages_pair	0.6482517482517482	0.18932112738099685
115	clinical	0.5083916083916084	0.19249028418454006
115	clinical_pair	0.5608391608391607	0.19467686173274312
115	clinical_lineages	0.5307692307692308	0.19942890731342708
115	clinical_lineages_pair	0.6447552447552447	0.1956173136030081
116	clinical	0.45664335664335665	0.2007896120044137
116	clinical_pair	0.5594405594405594	0.19324246454773653
116	clinical_lineages	0.49370629370629376	0.20666220839054386
116	clinical_lineages_pair	0.5916083916083916	0.19833758574534635
117	clinical	0.4699300699300699	0.19967437542027724
117	clinical_pair	0.5342657342657342	0.19577996419502156
117	clinical_lineages	0.5202797202797202	0.20288645552523493
117	clinical_lineages_pair	0.5741258741258741	0.20427978713452344
118	clinical	0.4398601398601399	0.19801345311761107
118	clinical_pair	0.5475524475524476	0.19080596049539023
118	clinical_lineages	0.4818181818181818	0.20907355240580602
118	clinical_lineages_pair	0.5615384615384614	0.20125355019878358
119	clinical	0.5370629370629372	0.1892222919610875
119	clinical_pair	0.5951048951048951	0.19034295467226772
119	clinical_lineages	0.5727272727272728	0.1907262622771344
119	clinical_lineages_pair	0.648951048951049	0.1867310577780947
120	clinical	0.5209790209790209	0.1918481188708485
120	clinical_pair	0.616083916083916	0.18316156356219399
120	clinical_lineages	0.5811188811188811	0.1932120990931572
120	clinical_lineages_pair	0.6762237762237762	0.18351830811902084
121	clinical	0.5545454545454545	0.1883264497092866
121	clinical_pair	0.6524475524475525	0.17659255089537465
121	clinical_lineages	0.5958041958041957	0.19046588827906852
121	clinical_lineages_pair	0.7034965034965035	0.17747624092571174
122	clinical	0.5146853146853148	0.19200807458686378
122	clinical_pair	0.6265734265734266	0.18097659727849866
122	clinical_lineages	0.5167832167832168	0.2018344239792871
122	clinical_lineages_pair	0.6580419580419581	0.18741967004665233
123	clinical	0.5244755244755245	0.1897712411208494
123	clinical_pair	0.6601398601398601	0.17677997914348342
123	clinical_lineages	0.5895104895104895	0.19506304305396543
123	clinical_lineages_pair	0.7048951048951049	0.1828761023316237
124	clinical	0.5272727272727272	0.19265906101963307
124	clinical_pair	0.6111888111888112	0.19529638587031792
124	clinical_lineages	0.5356643356643357	0.19874518603779862
124	clinical_lineages_pair	0.6265734265734266	0.19980429016664789
125	clinical	0.39230769230769225	0.2088608696434136
125	clinical_pair	0.5013986013986014	0.20166746437862568
125	clinical_lineages	0.4552447552447552	0.20932759171520834
125	clinical_lineages_pair	0.5825174825174826	0.20545352070793296
126	clinical	0.5223776223776224	0.19320983409180612
126	clinical_pair	0.5657342657342658	0.20063619872189808
126	clinical_lineages	0.5293706293706293	0.20307935460854157
126	clinical_lineages_pair	0.6237762237762238	0.19976257577152162
127	clinical	0.47412587412587404	0.19826439748568692
127	clinical_pair	0.5769230769230768	0.18820601612857807
127	clinical_lineages	0.5265734265734265	0.20172256180281883
127	clinical_lineages_pair	0.6258741258741258	0.1904741592865356
128	clinical	0.4825174825174825	0.1966659120074123
128	clinical_pair	0.576923076923077	0.20128134808596015
128	clinical_lineages	0.5027972027972027	0.20349262478122793
128	clinical_lineages_pair	0.6118881118881119	0.20664622164478158
129	clinical	0.49720279720279714	0.19653725783257364
129	clinical_pair	0.5937062937062937	0.18724630255690816
129	clinical_lineages	0.4573426573426573	0.21673101095436276
129	clinical_lineages_pair	0.5804195804195804	0.204287187582846
130	clinical	0.5048951048951049	0.1916887354377079
130	clinical_pair	0.6160839160839161	0.18374539299983209
130	clinical_lineages	0.5496503496503496	0.19578379852766906
130	clinical_lineages_pair	0.6517482517482518	0.188308499270057
131	clinical	0.43776223776223777	0.20075663241063946
131	clinical_pair	0.5559440559440559	0.19328554940052706
131	clinical_lineages	0.46153846153846156	0.2136621155734729
131	clinical_lineages_pair	0.5832167832167833	0.1989583249864483
132	clinical	0.4783216783216783	0.19917633547785493
132	clinical_pair	0.5412587412587413	0.19832481415826658
132	clinical_lineages	0.49860139860139857	0.20620638699084776
132	clinical_lineages_pair	0.5727272727272728	0.2044359282935115
133	clinical	0.48041958041958044	0.1952920549226789
133	clinical_pair	0.613986013986014	0.18280370778608493
133	clinical_lineages	0.5321678321678321	0.19817066815452475
133	clinical_lineages_pair	0.6482517482517482	0.1874090167585721
134	clinical	0.48181818181818176	0.1958891668856025
134	clinical_pair	0.5678321678321678	0.19623920979936088
134	clinical_lineages	0.5587412587412588	0.20308945349859622
134	clinical_lineages_pair	0.6286713286713287	0.20240933202809253
135	clinical	0.5636363636363636	0.19007838141089664
135	clinical_pair	0.6181818181818182	0.19047669952303717
135	clinical_lineages	0.509090909090909	0.2034702847046733
135	clinical_lineages_pair	0.6377622377622377	0.1978880343627672
136	clinical	0.4573426573426574	0.19909975806747546
136	clinical_pair	0.5482517482517483	0.19507319248378996
136	clinical_lineages	0.49090909090909085	0.20749674121760817
136	clinical_lineages_pair	0.586013986013986	0.1992551201403863
137	clinical	0.48111888111888107	0.19461634691111945
137	clinical_pair	0.5916083916083916	0.19048855236339418
137	clinical_lineages	0.5335664335664336	0.20017751810707732
137	clinical_lineages_pair	0.6125874125874126	0.19262598768426106
138	clinical	0.5209790209790209	0.19423781831894354
138	clinical_pair	0.6251748251748251	0.18521171343318865
138	clinical_lineages	0.5104895104895105	0.2042119219019671
138	clinical_lineages_pair	0.6293706293706294	0.19477916631312372
139	clinical	0.4881118881118881	0.19441799016032396
139	clinical_pair	0.5769230769230769	0.1895504494007506
139	clinical_lineages	0.5286713286713287	0.1986303220267165
139	clinical_lineages_pair	0.6321678321678321	0.19057436802790817
140	clinical	0.44475524475524475	0.2015159592028446
140	clinical_pair	0.551048951048951	0.2025996459042003
140	clinical_lineages	0.45874125874125876	0.2146760372458529
140	clinical_lineages_pair	0.5818181818181818	0.2161827173026662
141	clinical	0.47202797202797203	0.19852800904004156
141	clinical_pair	0.5503496503496503	0.19456174745855914
141	clinical_lineages	0.5230769230769231	0.20432830964609602
141	clinical_lineages_pair	0.6237762237762238	0.20064962863933444
142	clinical	0.5174825174825175	0.19206521863534418
142	clinical_pair	0.6111888111888112	0.18327587190047429
142	clinical_lineages	0.5517482517482517	0.19704525006419318
142	clinical_lineages_pair	0.6440559440559441	0.18527942852341567
143	clinical	0.5013986013986014	0.19434430195899785
143	clinical_pair	0.5972027972027971	0.1880784279541948
143	clinical_lineages	0.5377622377622377	0.19571610262928815
143	clinical_lineages_pair	0.644055944055944	0.18605471863610387
144	clinical	0.4902097902097902	0.19367661448734108
144	clinical_pair	0.6251748251748253	0.18512368579260283
144	clinical_lineages	0.5363636363636363	0.19699594508971982
144	clinical_lineages_pair	0.6594405594405595	0.18294140558684613
145	clinical	0.4874125874125874	0.1928680594262701
145	clinical_pair	0.5923076923076922	0.18620610582644997
145	clinical_lineages	0.5496503496503496	0.195688829801448
145	clinical_lineages_pair	0.6552447552447553	0.18436947293982994
146	clinical	0.44825174825174824	0.19767877650694404
146	clinical_pair	0.5524475524475525	0.19192894241509112
146	clinical_lineages	0.5097902097902098	0.20258964509861185
146	clinical_lineages_pair	0.6216783216783217	0.1932888290739379
147	clinical	0.40909090909090906	0.20364718238151341
147	clinical_pair	0.5895104895104895	0.18884603370877412
147	clinical_lineages	0.47762237762237764	0.21827379674294092
147	clinical_lineages_pair	0.6300699300699301	0.1989239423426171
148	clinical	0.49650349650349657	0.1936549666281022
148	clinical_pair	0.5902097902097903	0.18792146801736037
148	clinical_lineages	0.534965034965035	0.1980705829014477
148	clinical_lineages_pair	0.6531468531468532	0.1874604313752068
149	clinical	0.4867132867132866	0.1969629259195527
149	clinical_pair	0.5685314685314685	0.19194076481449598
149	clinical_lineages	0.5412587412587413	0.19857652910957174
149	clinical_lineages_pair	0.6440559440559441	0.19114928212668247
150	clinical	0.48811188811188816	0.1943885011268086
150	clinical_pair	0.6146853146853146	0.1848188961715229
150	clinical_lineages	0.5335664335664336	0.20289814733862616
150	clinical_lineages_pair	0.637062937062937	0.19038180860776352
151	clinical	0.48041958041958044	0.19434252440673255
151	clinical_pair	0.606993006993007	0.19016351583959587
151	clinical_lineages	0.5321678321678321	0.19740710481668866
151	clinical_lineages_pair	0.6363636363636365	0.1949635173800687
152	clinical	0.4356643356643356	0.20037257500969802
152	clinical_pair	0.5846153846153845	0.192624191147408
152	clinical_lineages	0.509090909090909	0.20416223694007285
152	clinical_lineages_pair	0.6237762237762238	0.20120281135157736
153	clinical	0.5237762237762238	0.1918974514770466
153	clinical_pair	0.6202797202797202	0.18021796433651002
153	clinical_lineages	0.5587412587412588	0.19495563279061265
153	clinical_lineages_pair	0.6636363636363636	0.18553135267818743
154	clinical	0.47972027972027975	0.19944323925022814
154	clinical_pair	0.5503496503496503	0.191915066257161
154	clinical_lineages	0.4972027972027972	0.2041433418730108
154	clinical_lineages_pair	0.6027972027972028	0.19471017985125932
155	clinical	0.534965034965035	0.19070625427125606
155	clinical_pair	0.6272727272727272	0.18083778428333544
155	clinical_lineages	0.5594405594405594	0.19497068681869456
155	clinical_lineages_pair	0.6587412587412587	0.18723193695119977
156	clinical	0.46713286713286706	0.19502391525027127
156	clinical_pair	0.5916083916083916	0.18669130554219082
156	clinical_lineages	0.5356643356643356	0.21710666596726458
156	clinical_lineages_pair	0.6041958041958042	0.20586041562611007
157	clinical	0.4888111888111888	0.19624270031356467
157	clinical_pair	0.6006993006993007	0.18846346554870735
157	clinical_lineages	0.5391608391608391	0.19757861476619387
157	clinical_lineages_pair	0.6426573426573426	0.18899286352019723
158	clinical	0.40349650349650357	0.20685975352266567
158	clinical_pair	0.5468531468531469	0.1930207147097801
158	clinical_lineages	0.4601398601398601	0.21274182474402573
158	clinical_lineages_pair	0.602097902097902	0.19290783726402044
159	clinical	0.5146853146853146	0.19150262309618687
159	clinical_pair	0.6244755244755245	0.18649954451690362
159	clinical_lineages	0.5538461538461539	0.20512209207912857
159	clinical_lineages_pair	0.6622377622377622	0.19543917532593227
160	clinical	0.40349650349650346	0.20505195751897945
160	clinical_pair	0.5342657342657342	0.19626361604165413
160	clinical_lineages	0.44475524475524475	0.20912111963495794
160	clinical_lineages_pair	0.5818181818181818	0.1985406627088109
161	clinical	0.4538461538461538	0.19743564531950922
161	clinical_pair	0.5734265734265734	0.1924953066081933
161	clinical_lineages	0.5167832167832168	0.2007924562429622
161	clinical_lineages_pair	0.6174825174825175	0.19648254328380296
162	clinical	0.4657342657342657	0.19504675248414535
162	clinical_pair	0.5692307692307692	0.19410783948369273
162	clinical_lineages	0.5524475524475524	0.19709087915685494
162	clinical_lineages_pair	0.6181818181818182	0.1922796063027714
163	clinical	0.42027972027972027	0.20802777134783818
163	clinical_pair	0.5461538461538461	0.19845131086552711
163	clinical_lineages	0.45734265734265733	0.21615760454316926
163	clinical_lineages_pair	0.5601398601398602	0.20596001798684996
164	clinical	0.4853146853146853	0.1986146202722503
164	clinical_pair	0.5825174825174825	0.18932425815458143
164	clinical_lineages	0.49020979020979016	0.20726768393966175
164	clinical_lineages_pair	0.6160839160839161	0.19560005371120967
165	clinical	0.551048951048951	0.18828728776636489
165	clinical_pair	0.6237762237762238	0.18894461993010436
165	clinical_lineages	0.5657342657342657	0.19215058131173252
165	clinical_lineages_pair	0.6328671328671329	0.1906038791925035
166	clinical	0.47692307692307695	0.19475686848085932
166	clinical_pair	0.5811188811188811	0.18989705888595945
166	clinical_lineages	0.5412587412587413	0.19563059905429583
166	clinical_lineages_pair	0.644055944055944	0.18888388210776488
167	clinical	0.4601398601398601	0.19685224307958085
167	clinical_pair	0.5951048951048952	0.18465425183997014
167	clinical_lineages	0.4951048951048951	0.2050249908780635
167	clinical_lineages_pair	0.6237762237762238	0.1908588516122893
168	clinical	0.46503496503496505	0.20078766152449268
168	clinical_pair	0.5468531468531468	0.19758534386167814
168	clinical_lineages	0.4713286713286713	0.21472184122472343
168	clinical_lineages_pair	0.5755244755244755	0.20850927974914804
169	clinical	0.4671328671328671	0.19595181175402582
169	clinical_pair	0.6104895104895105	0.18452926215989532
169	clinical_lineages	0.5377622377622377	0.19935940096297228
169	clinical_lineages_pair	0.6363636363636364	0.19094597656283965
170	clinical	0.5328671328671328	0.18989736607156651
170	clinical_pair	0.609090909090909	0.183697162290214
170	clinical_lineages	0.5426573426573427	0.1965443247496682
170	clinical_lineages_pair	0.6188811188811189	0.1912264746726745
171	clinical	0.527972027972028	0.19136123142594852
171	clinical_pair	0.5993006993006993	0.18851660285369315
171	clinical_lineages	0.5678321678321678	0.20093937674681536
171	clinical_lineages_pair	0.6384615384615384	0.19410441577280152
172	clinical	0.4573426573426573	0.19767586240964144
172	clinical_pair	0.5734265734265734	0.18596090964831194
172	clinical_lineages	0.46923076923076923	0.20951193402220147
172	clinical_lineages_pair	0.5895104895104896	0.19657782454997777
173	clinical	0.4461538461538461	0.20024032667230032
173	clinical_pair	0.5650349650349651	0.18899222263316134
173	clinical_lineages	0.5181818181818182	0.20486600623011814
173	clinical_lineages_pair	0.641958041958042	0.1928575834251166
174	clinical	0.5167832167832167	0.19035152886795
174	clinical_pair	0.618881118881119	0.18276249026787492
174	clinical_lineages	0.593006993006993	0.19459875154995143
174	clinical_lineages_pair	0.6895104895104895	0.18128857348829314
175	clinical	0.47902097902097895	0.1977116730034683
175	clinical_pair	0.5909090909090909	0.193687824676589
175	clinical_lineages	0.5146853146853146	0.20335012445952963
175	clinical_lineages_pair	0.6167832167832168	0.19700167916372416
176	clinical	0.5384615384615385	0.1869087256706027
176	clinical_pair	0.637062937062937	0.179037920739485
176	clinical_lineages	0.6097902097902098	0.1885821176541002
176	clinical_lineages_pair	0.6608391608391608	0.180004465670516
177	clinical	0.4839160839160839	0.19517349714399196
177	clinical_pair	0.6181818181818183	0.18399107696642356
177	clinical_lineages	0.5475524475524476	0.19788510289737163
177	clinical_lineages_pair	0.6580419580419581	0.18151948266711487
178	clinical	0.4496503496503496	0.19656123861223185
178	clinical_pair	0.5804195804195804	0.18601998751807483
178	clinical_lineages	0.5307692307692308	0.19833822663541129
178	clinical_lineages_pair	0.6608391608391608	0.1889121602984271
179	clinical	0.5769230769230769	0.1861418987997355
179	clinical_pair	0.6608391608391608	0.1750676323145501
179	clinical_lineages	0.5685314685314686	0.20898141411763732
179	clinical_lineages_pair	0.6587412587412588	0.19185316852138884
180	clinical	0.42027972027972027	0.20529761995576226
180	clinical_pair	0.5720279720279721	0.1923303829205553
180	clinical_lineages	0.4517482517482518	0.2180491440780413
180	clinical_lineages_pair	0.586013986013986	0.19882417438313385
181	clinical	0.42797202797202794	0.2021308403218369
181	clinical_pair	0.551048951048951	0.2011526136909466
181	clinical_lineages	0.49650349650349646	0.20554202074598535
181	clinical_lineages_pair	0.5748251748251748	0.20732317117678845
182	clinical	0.5594405594405594	0.18940593468484182
182	clinical_pair	0.6139860139860139	0.18466033069803156
182	clinical_lineages	0.5923076923076924	0.18960655670938922
182	clinical_lineages_pair	0.6727272727272727	0.1817494840560881
183	clinical	0.4909090909090909	0.19329448138216015
183	clinical_pair	0.6265734265734266	0.18059454579954567
183	clinical_lineages	0.5671328671328671	0.19674473885820412
183	clinical_lineages_pair	0.6678321678321678	0.1807290660650846
184	clinical	0.44405594405594406	0.20107905186248715
184	clinical_pair	0.5699300699300699	0.19362090979848576
184	clinical_lineages	0.493006993006993	0.2123261336280318
184	clinical_lineages_pair	0.5867132867132868	0.20530180087751387
185	clinical	0.4818181818181818	0.19631034846529366
185	clinical_pair	0.5811188811188811	0.19632506009771283
185	clinical_lineages	0.5216783216783216	0.20131739860277365
185	clinical_lineages_pair	0.6265734265734265	0.1927685785936997
186	clinical	0.47482517482517483	0.196901206415068
186	clinical_pair	0.5993006993006993	0.18749871096663717
186	clinical_lineages	0.5461538461538461	0.19671950016941325
186	clinical_lineages_pair	0.6398601398601399	0.18253690215968196
187	clinical	0.5146853146853148	0.19132448816589573
187	clinical_pair	0.6125874125874126	0.18413134843648507
187	clinical_lineages	0.5517482517482517	0.19541168143463072
187	clinical_lineages_pair	0.634965034965035	0.18545733443849582
188	clinical	0.509090909090909	0.19188313157465614
188	clinical_pair	0.6118881118881119	0.1828863779069793
188	clinical_lineages	0.5643356643356643	0.19763254593823168
188	clinical_lineages_pair	0.6510489510489511	0.18504132292782488
189	clinical	0.5286713286713287	0.19042186797541705
189	clinical_pair	0.6356643356643357	0.18459470653264795
189	clinical_lineages	0.56993006993007	0.19426234209089435
189	clinical_lineages_pair	0.6433566433566433	0.19103515624557274
190	clinical	0.4706293706293706	0.19674619143256541
190	clinical_pair	0.6048951048951049	0.18500458891502353
190	clinical_lineages	0.544055944055944	0.1966063656193471
190	clinical_lineages_pair	0.6468531468531469	0.18849408143553098
191	clinical	0.5272727272727272	0.19198409177346573
191	clinical_pair	0.6237762237762238	0.18533749922590187
191	clinical_lineages	0.5594405594405594	0.19600109558957818
191	clinical_lineages_pair	0.6811188811188811	0.17940258558310201
192	clinical	0.45314685314685316	0.20012389760809343
192	clinical_pair	0.5349650349650349	0.19286343457580712
192	clinical_lineages	0.5321678321678321	0.20205531799414386
192	clinical_lineages_pair	0.613986013986014	0.19296034840767656
193	clinical	0.47062937062937066	0.19742012464501277
193	clinical_pair	0.6111888111888112	0.18423089697023293
193	clinical_lineages	0.5685314685314685	0.198057817747046
193	clinical_lineages_pair	0.6692307692307692	0.1816703806884787
194	clinical	0.4251748251748252	0.20510624843054798
194	clinical_pair	0.5475524475524475	0.1965153863212006
194	clinical_lineages	0.4769230769230769	0.2141953031905886
194	clinical_lineages_pair	0.6013986013986015	0.203629482915624
195	clinical	0.4524475524475524	0.1955114150012718
195	clinical_pair	0.586013986013986	0.18978704733082705
195	clinical_lineages	0.5195804195804196	0.19858721435735519
195	clinical_lineages_pair	0.6237762237762238	0.19272041200498932
196	clinical	0.4965034965034964	0.19560360948783312
196	clinical_pair	0.5510489510489511	0.2015832328076069
196	clinical_lineages	0.5020979020979022	0.2068379354144506
196	clinical_lineages_pair	0.5811188811188811	0.204807791968506
197	clinical	0.4755244755244754	0.19699943744491202
197	clinical_pair	0.534965034965035	0.191951743645125
197	clinical_lineages	0.5307692307692308	0.19883864072960342
197	clinical_lineages_pair	0.5937062937062937	0.191939941278781
198	clinical	0.4643356643356643	0.19717214398322072
198	clinical_pair	0.5762237762237762	0.18714431266176348
198	clinical_lineages	0.5223776223776224	0.19842473960707757
198	clinical_lineages_pair	0.6314685314685314	0.18658411707351277
199	clinical	0.46783216783216786	0.1962904629603953
199	clinical_pair	0.5769230769230769	0.193606252127639
199	clinical_lineages	0.5188811188811189	0.2002123875517797
199	clinical_lineages_pair	0.6321678321678321	0.19542040847667289
