cohort	patient	gene	state	n_cells	positive_cells	pct_positive
GSE152048	BC16	CCL13	Endothelial	55	0	0.0
GSE152048	BC16	CCL13	Fibroblast_MSC	570	0	0.0
GSE152048	BC16	CCL13	Myeloid	202	0	0.0
GSE152048	BC16	CCL13	Osteoclast	167	1	0.5988023952095809
GSE152048	BC16	CCL13	Pericyte	186	0	0.0
GSE152048	BC16	CCL13	T_NK	1185	28	2.3628691983122363
GSE152048	BC16	CCL13	Tumor_mesenchymal	635	2	0.31496062992125984
GSE152048	BC2	CCL13	Endothelial	1	0	0.0
GSE152048	BC2	CCL13	Fibroblast_MSC	10	0	0.0
GSE152048	BC2	CCL13	Myeloid	2228	125	5.6104129263913824
GSE152048	BC2	CCL13	Osteoclast	145	2	1.3793103448275863
GSE152048	BC2	CCL13	T_NK	232	3	1.293103448275862
GSE152048	BC2	CCL13	Tumor_mesenchymal	384	7	1.8229166666666667
GSE152048	BC21	CCL13	Fibroblast_MSC	1	0	0.0
GSE152048	BC21	CCL13	Myeloid	49	1	2.0408163265306123
GSE152048	BC21	CCL13	Osteoclast	615	0	0.0
GSE152048	BC21	CCL13	Pericyte	205	0	0.0
GSE152048	BC21	CCL13	T_NK	1289	31	2.404965089216447
GSE152048	BC21	CCL13	Tumor_mesenchymal	841	5	0.5945303210463734
GSE152048	BC22	CCL13	Endothelial	11	0	0.0
GSE152048	BC22	CCL13	Fibroblast_MSC	1486	5	0.3364737550471063
GSE152048	BC22	CCL13	Myeloid	44	2	4.545454545454546
GSE152048	BC22	CCL13	Osteoclast	354	3	0.847457627118644
GSE152048	BC22	CCL13	Pericyte	185	1	0.5405405405405406
GSE152048	BC22	CCL13	T_NK	237	15	6.329113924050633
GSE152048	BC22	CCL13	Tumor_mesenchymal	683	29	4.24597364568082
GSE152048	BC3	CCL13	Fibroblast_MSC	10	0	0.0
GSE152048	BC3	CCL13	Myeloid	1047	0	0.0
GSE152048	BC3	CCL13	Osteoclast	100	0	0.0
GSE152048	BC3	CCL13	Pericyte	2	0	0.0
GSE152048	BC3	CCL13	T_NK	514	0	0.0
GSE152048	BC3	CCL13	Tumor_mesenchymal	1327	8	0.6028636021100227
GSE152048	BC5	CCL13	Fibroblast_MSC	9	0	0.0
GSE152048	BC5	CCL13	Myeloid	1732	3	0.17321016166281755
GSE152048	BC5	CCL13	Osteoclast	32	0	0.0
GSE152048	BC5	CCL13	Pericyte	4	0	0.0
GSE152048	BC5	CCL13	T_NK	230	0	0.0
GSE152048	BC5	CCL13	Tumor_mesenchymal	993	4	0.4028197381671702
GSE152048	BC6	CCL13	Myeloid	24	0	0.0
GSE152048	BC6	CCL13	Osteoclast	27	0	0.0
GSE152048	BC6	CCL13	Pericyte	4	0	0.0
GSE152048	BC6	CCL13	T_NK	574	4	0.6968641114982579
GSE152048	BC6	CCL13	Tumor_mesenchymal	2371	51	2.1509911429776465
GSE152048	BC16	CCL19	Endothelial	55	0	0.0
GSE152048	BC16	CCL19	Fibroblast_MSC	570	2	0.3508771929824561
GSE152048	BC16	CCL19	Myeloid	202	0	0.0
GSE152048	BC16	CCL19	Osteoclast	167	0	0.0
GSE152048	BC16	CCL19	Pericyte	186	7	3.763440860215054
GSE152048	BC16	CCL19	T_NK	1185	20	1.6877637130801686
GSE152048	BC16	CCL19	Tumor_mesenchymal	635	1	0.15748031496062992
GSE152048	BC2	CCL19	Endothelial	1	0	0.0
GSE152048	BC2	CCL19	Fibroblast_MSC	10	0	0.0
GSE152048	BC2	CCL19	Myeloid	2228	21	0.9425493716337522
GSE152048	BC2	CCL19	Osteoclast	145	0	0.0
GSE152048	BC2	CCL19	T_NK	232	0	0.0
GSE152048	BC2	CCL19	Tumor_mesenchymal	384	1	0.26041666666666663
GSE152048	BC21	CCL19	Fibroblast_MSC	1	0	0.0
GSE152048	BC21	CCL19	Myeloid	49	0	0.0
GSE152048	BC21	CCL19	Osteoclast	615	0	0.0
GSE152048	BC21	CCL19	Pericyte	205	9	4.390243902439024
GSE152048	BC21	CCL19	T_NK	1289	11	0.8533747090768037
GSE152048	BC21	CCL19	Tumor_mesenchymal	841	1	0.11890606420927466
GSE152048	BC22	CCL19	Endothelial	11	0	0.0
GSE152048	BC22	CCL19	Fibroblast_MSC	1486	3	0.2018842530282638
GSE152048	BC22	CCL19	Myeloid	44	1	2.272727272727273
GSE152048	BC22	CCL19	Osteoclast	354	0	0.0
GSE152048	BC22	CCL19	Pericyte	185	3	1.6216216216216217
GSE152048	BC22	CCL19	T_NK	237	1	0.42194092827004215
GSE152048	BC22	CCL19	Tumor_mesenchymal	683	10	1.4641288433382138
GSE152048	BC3	CCL19	Fibroblast_MSC	10	0	0.0
GSE152048	BC3	CCL19	Myeloid	1047	0	0.0
GSE152048	BC3	CCL19	Osteoclast	100	0	0.0
GSE152048	BC3	CCL19	Pericyte	2	0	0.0
GSE152048	BC3	CCL19	T_NK	514	0	0.0
GSE152048	BC3	CCL19	Tumor_mesenchymal	1327	0	0.0
GSE152048	BC5	CCL19	Fibroblast_MSC	9	0	0.0
GSE152048	BC5	CCL19	Myeloid	1732	10	0.5773672055427251
GSE152048	BC5	CCL19	Osteoclast	32	0	0.0
GSE152048	BC5	CCL19	Pericyte	4	0	0.0
GSE152048	BC5	CCL19	T_NK	230	1	0.43478260869565216
GSE152048	BC5	CCL19	Tumor_mesenchymal	993	6	0.6042296072507553
GSE152048	BC6	CCL19	Myeloid	24	1	4.166666666666666
GSE152048	BC6	CCL19	Osteoclast	27	0	0.0
GSE152048	BC6	CCL19	Pericyte	4	0	0.0
GSE152048	BC6	CCL19	T_NK	574	4	0.6968641114982579
GSE152048	BC6	CCL19	Tumor_mesenchymal	2371	8	0.3374103753690426
GSE152048	BC16	CCL20	Endothelial	55	12	21.818181818181817
GSE152048	BC16	CCL20	Fibroblast_MSC	570	7	1.2280701754385965
GSE152048	BC16	CCL20	Myeloid	202	4	1.9801980198019802
GSE152048	BC16	CCL20	Osteoclast	167	17	10.179640718562874
GSE152048	BC16	CCL20	Pericyte	186	6	3.225806451612903
GSE152048	BC16	CCL20	T_NK	1185	59	4.9789029535864975
GSE152048	BC16	CCL20	Tumor_mesenchymal	635	7	1.1023622047244095
GSE152048	BC2	CCL20	Endothelial	1	0	0.0
GSE152048	BC2	CCL20	Fibroblast_MSC	10	1	10.0
GSE152048	BC2	CCL20	Myeloid	2228	202	9.066427289048475
GSE152048	BC2	CCL20	Osteoclast	145	15	10.344827586206897
GSE152048	BC2	CCL20	T_NK	232	21	9.051724137931034
GSE152048	BC2	CCL20	Tumor_mesenchymal	384	14	3.6458333333333335
GSE152048	BC21	CCL20	Fibroblast_MSC	1	0	0.0
GSE152048	BC21	CCL20	Myeloid	49	2	4.081632653061225
GSE152048	BC21	CCL20	Osteoclast	615	29	4.715447154471545
GSE152048	BC21	CCL20	Pericyte	205	3	1.4634146341463417
GSE152048	BC21	CCL20	T_NK	1289	78	6.051202482544609
GSE152048	BC21	CCL20	Tumor_mesenchymal	841	1	0.11890606420927466
GSE152048	BC22	CCL20	Endothelial	11	0	0.0
GSE152048	BC22	CCL20	Fibroblast_MSC	1486	1	0.06729475100942127
GSE152048	BC22	CCL20	Myeloid	44	0	0.0
GSE152048	BC22	CCL20	Osteoclast	354	22	6.214689265536723
GSE152048	BC22	CCL20	Pericyte	185	0	0.0
GSE152048	BC22	CCL20	T_NK	237	2	0.8438818565400843
GSE152048	BC22	CCL20	Tumor_mesenchymal	683	2	0.29282576866764276
GSE152048	BC3	CCL20	Fibroblast_MSC	10	0	0.0
GSE152048	BC3	CCL20	Myeloid	1047	2	0.19102196752626552
GSE152048	BC3	CCL20	Osteoclast	100	6	6.0
GSE152048	BC3	CCL20	Pericyte	2	0	0.0
GSE152048	BC3	CCL20	T_NK	514	12	2.3346303501945527
GSE152048	BC3	CCL20	Tumor_mesenchymal	1327	13	0.9796533534287867
GSE152048	BC5	CCL20	Fibroblast_MSC	9	0	0.0
GSE152048	BC5	CCL20	Myeloid	1732	10	0.5773672055427251
GSE152048	BC5	CCL20	Osteoclast	32	7	21.875
GSE152048	BC5	CCL20	Pericyte	4	0	0.0
GSE152048	BC5	CCL20	T_NK	230	4	1.7391304347826086
GSE152048	BC5	CCL20	Tumor_mesenchymal	993	10	1.0070493454179255
GSE152048	BC6	CCL20	Myeloid	24	2	8.333333333333332
GSE152048	BC6	CCL20	Osteoclast	27	3	11.11111111111111
GSE152048	BC6	CCL20	Pericyte	4	1	25.0
GSE152048	BC6	CCL20	T_NK	574	97	16.898954703832754
GSE152048	BC6	CCL20	Tumor_mesenchymal	2371	74	3.1210459721636443
GSE152048	BC16	CCL21	Endothelial	55	0	0.0
GSE152048	BC16	CCL21	Fibroblast_MSC	570	2	0.3508771929824561
GSE152048	BC16	CCL21	Myeloid	202	1	0.49504950495049505
GSE152048	BC16	CCL21	Osteoclast	167	1	0.5988023952095809
GSE152048	BC16	CCL21	Pericyte	186	2	1.0752688172043012
GSE152048	BC16	CCL21	T_NK	1185	4	0.33755274261603374
GSE152048	BC16	CCL21	Tumor_mesenchymal	635	17	2.677165354330709
GSE152048	BC2	CCL21	Endothelial	1	0	0.0
GSE152048	BC2	CCL21	Fibroblast_MSC	10	0	0.0
GSE152048	BC2	CCL21	Myeloid	2228	2	0.08976660682226212
GSE152048	BC2	CCL21	Osteoclast	145	0	0.0
GSE152048	BC2	CCL21	T_NK	232	0	0.0
GSE152048	BC2	CCL21	Tumor_mesenchymal	384	0	0.0
GSE152048	BC21	CCL21	Fibroblast_MSC	1	0	0.0
GSE152048	BC21	CCL21	Myeloid	49	0	0.0
GSE152048	BC21	CCL21	Osteoclast	615	0	0.0
GSE152048	BC21	CCL21	Pericyte	205	0	0.0
GSE152048	BC21	CCL21	T_NK	1289	0	0.0
GSE152048	BC21	CCL21	Tumor_mesenchymal	841	2	0.23781212841854932
GSE152048	BC22	CCL21	Endothelial	11	0	0.0
GSE152048	BC22	CCL21	Fibroblast_MSC	1486	0	0.0
GSE152048	BC22	CCL21	Myeloid	44	1	2.272727272727273
GSE152048	BC22	CCL21	Osteoclast	354	0	0.0
GSE152048	BC22	CCL21	Pericyte	185	0	0.0
GSE152048	BC22	CCL21	T_NK	237	0	0.0
GSE152048	BC22	CCL21	Tumor_mesenchymal	683	1	0.14641288433382138
GSE152048	BC3	CCL21	Fibroblast_MSC	10	0	0.0
GSE152048	BC3	CCL21	Myeloid	1047	0	0.0
GSE152048	BC3	CCL21	Osteoclast	100	0	0.0
GSE152048	BC3	CCL21	Pericyte	2	0	0.0
GSE152048	BC3	CCL21	T_NK	514	0	0.0
GSE152048	BC3	CCL21	Tumor_mesenchymal	1327	0	0.0
GSE152048	BC5	CCL21	Fibroblast_MSC	9	0	0.0
GSE152048	BC5	CCL21	Myeloid	1732	8	0.4618937644341801
GSE152048	BC5	CCL21	Osteoclast	32	0	0.0
GSE152048	BC5	CCL21	Pericyte	4	0	0.0
GSE152048	BC5	CCL21	T_NK	230	1	0.43478260869565216
GSE152048	BC5	CCL21	Tumor_mesenchymal	993	5	0.5035246727089627
GSE152048	BC6	CCL21	Myeloid	24	1	4.166666666666666
GSE152048	BC6	CCL21	Osteoclast	27	1	3.7037037037037033
GSE152048	BC6	CCL21	Pericyte	4	0	0.0
GSE152048	BC6	CCL21	T_NK	574	17	2.961672473867596
GSE152048	BC6	CCL21	Tumor_mesenchymal	2371	52	2.193167439898777
GSE152048	BC16	CCL22	Endothelial	55	0	0.0
GSE152048	BC16	CCL22	Fibroblast_MSC	570	0	0.0
GSE152048	BC16	CCL22	Myeloid	202	0	0.0
GSE152048	BC16	CCL22	Osteoclast	167	1	0.5988023952095809
GSE152048	BC16	CCL22	Pericyte	186	4	2.1505376344086025
GSE152048	BC16	CCL22	T_NK	1185	3	0.25316455696202533
GSE152048	BC16	CCL22	Tumor_mesenchymal	635	0	0.0
GSE152048	BC2	CCL22	Endothelial	1	0	0.0
GSE152048	BC2	CCL22	Fibroblast_MSC	10	0	0.0
GSE152048	BC2	CCL22	Myeloid	2228	20	0.8976660682226212
GSE152048	BC2	CCL22	Osteoclast	145	2	1.3793103448275863
GSE152048	BC2	CCL22	T_NK	232	0	0.0
GSE152048	BC2	CCL22	Tumor_mesenchymal	384	0	0.0
GSE152048	BC21	CCL22	Fibroblast_MSC	1	0	0.0
GSE152048	BC21	CCL22	Myeloid	49	0	0.0
GSE152048	BC21	CCL22	Osteoclast	615	0	0.0
GSE152048	BC21	CCL22	Pericyte	205	0	0.0
GSE152048	BC21	CCL22	T_NK	1289	13	1.008533747090768
GSE152048	BC21	CCL22	Tumor_mesenchymal	841	0	0.0
GSE152048	BC22	CCL22	Endothelial	11	0	0.0
GSE152048	BC22	CCL22	Fibroblast_MSC	1486	2	0.13458950201884254
GSE152048	BC22	CCL22	Myeloid	44	0	0.0
GSE152048	BC22	CCL22	Osteoclast	354	1	0.2824858757062147
GSE152048	BC22	CCL22	Pericyte	185	3	1.6216216216216217
GSE152048	BC22	CCL22	T_NK	237	0	0.0
GSE152048	BC22	CCL22	Tumor_mesenchymal	683	0	0.0
GSE152048	BC3	CCL22	Fibroblast_MSC	10	0	0.0
GSE152048	BC3	CCL22	Myeloid	1047	0	0.0
GSE152048	BC3	CCL22	Osteoclast	100	0	0.0
GSE152048	BC3	CCL22	Pericyte	2	0	0.0
GSE152048	BC3	CCL22	T_NK	514	0	0.0
GSE152048	BC3	CCL22	Tumor_mesenchymal	1327	0	0.0
GSE152048	BC5	CCL22	Fibroblast_MSC	9	0	0.0
GSE152048	BC5	CCL22	Myeloid	1732	1	0.057736720554272515
GSE152048	BC5	CCL22	Osteoclast	32	0	0.0
GSE152048	BC5	CCL22	Pericyte	4	0	0.0
GSE152048	BC5	CCL22	T_NK	230	1	0.43478260869565216
GSE152048	BC5	CCL22	Tumor_mesenchymal	993	0	0.0
GSE152048	BC6	CCL22	Myeloid	24	2	8.333333333333332
GSE152048	BC6	CCL22	Osteoclast	27	0	0.0
GSE152048	BC6	CCL22	Pericyte	4	0	0.0
GSE152048	BC6	CCL22	T_NK	574	3	0.5226480836236934
GSE152048	BC6	CCL22	Tumor_mesenchymal	2371	2	0.08435259384226065
GSE152048	BC16	CCL25	Endothelial	55	0	0.0
GSE152048	BC16	CCL25	Fibroblast_MSC	570	0	0.0
GSE152048	BC16	CCL25	Myeloid	202	0	0.0
GSE152048	BC16	CCL25	Osteoclast	167	0	0.0
GSE152048	BC16	CCL25	Pericyte	186	0	0.0
GSE152048	BC16	CCL25	T_NK	1185	0	0.0
GSE152048	BC16	CCL25	Tumor_mesenchymal	635	1	0.15748031496062992
GSE152048	BC2	CCL25	Endothelial	1	0	0.0
GSE152048	BC2	CCL25	Fibroblast_MSC	10	0	0.0
GSE152048	BC2	CCL25	Myeloid	2228	1	0.04488330341113106
GSE152048	BC2	CCL25	Osteoclast	145	0	0.0
GSE152048	BC2	CCL25	T_NK	232	0	0.0
GSE152048	BC2	CCL25	Tumor_mesenchymal	384	0	0.0
GSE152048	BC21	CCL25	Fibroblast_MSC	1	0	0.0
GSE152048	BC21	CCL25	Myeloid	49	0	0.0
GSE152048	BC21	CCL25	Osteoclast	615	0	0.0
GSE152048	BC21	CCL25	Pericyte	205	0	0.0
GSE152048	BC21	CCL25	T_NK	1289	0	0.0
GSE152048	BC21	CCL25	Tumor_mesenchymal	841	0	0.0
GSE152048	BC22	CCL25	Endothelial	11	0	0.0
GSE152048	BC22	CCL25	Fibroblast_MSC	1486	4	0.2691790040376851
GSE152048	BC22	CCL25	Myeloid	44	0	0.0
GSE152048	BC22	CCL25	Osteoclast	354	1	0.2824858757062147
GSE152048	BC22	CCL25	Pericyte	185	0	0.0
GSE152048	BC22	CCL25	T_NK	237	0	0.0
GSE152048	BC22	CCL25	Tumor_mesenchymal	683	1	0.14641288433382138
GSE152048	BC3	CCL25	Fibroblast_MSC	10	0	0.0
GSE152048	BC3	CCL25	Myeloid	1047	0	0.0
GSE152048	BC3	CCL25	Osteoclast	100	0	0.0
GSE152048	BC3	CCL25	Pericyte	2	0	0.0
GSE152048	BC3	CCL25	T_NK	514	0	0.0
GSE152048	BC3	CCL25	Tumor_mesenchymal	1327	0	0.0
GSE152048	BC5	CCL25	Fibroblast_MSC	9	0	0.0
GSE152048	BC5	CCL25	Myeloid	1732	0	0.0
GSE152048	BC5	CCL25	Osteoclast	32	0	0.0
GSE152048	BC5	CCL25	Pericyte	4	0	0.0
GSE152048	BC5	CCL25	T_NK	230	0	0.0
GSE152048	BC5	CCL25	Tumor_mesenchymal	993	0	0.0
GSE152048	BC6	CCL25	Myeloid	24	0	0.0
GSE152048	BC6	CCL25	Osteoclast	27	0	0.0
GSE152048	BC6	CCL25	Pericyte	4	0	0.0
GSE152048	BC6	CCL25	T_NK	574	0	0.0
GSE152048	BC6	CCL25	Tumor_mesenchymal	2371	0	0.0
GSE152048	BC16	ACKR4	Endothelial	55	0	0.0
GSE152048	BC16	ACKR4	Fibroblast_MSC	570	1	0.17543859649122806
GSE152048	BC16	ACKR4	Myeloid	202	0	0.0
GSE152048	BC16	ACKR4	Osteoclast	167	0	0.0
GSE152048	BC16	ACKR4	Pericyte	186	0	0.0
GSE152048	BC16	ACKR4	T_NK	1185	10	0.8438818565400843
GSE152048	BC16	ACKR4	Tumor_mesenchymal	635	0	0.0
GSE152048	BC2	ACKR4	Endothelial	1	0	0.0
GSE152048	BC2	ACKR4	Fibroblast_MSC	10	0	0.0
GSE152048	BC2	ACKR4	Myeloid	2228	0	0.0
GSE152048	BC2	ACKR4	Osteoclast	145	0	0.0
GSE152048	BC2	ACKR4	T_NK	232	0	0.0
GSE152048	BC2	ACKR4	Tumor_mesenchymal	384	0	0.0
GSE152048	BC21	ACKR4	Fibroblast_MSC	1	0	0.0
GSE152048	BC21	ACKR4	Myeloid	49	0	0.0
GSE152048	BC21	ACKR4	Osteoclast	615	0	0.0
GSE152048	BC21	ACKR4	Pericyte	205	0	0.0
GSE152048	BC21	ACKR4	T_NK	1289	12	0.9309542280837859
GSE152048	BC21	ACKR4	Tumor_mesenchymal	841	6	0.713436385255648
GSE152048	BC22	ACKR4	Endothelial	11	0	0.0
GSE152048	BC22	ACKR4	Fibroblast_MSC	1486	1	0.06729475100942127
GSE152048	BC22	ACKR4	Myeloid	44	0	0.0
GSE152048	BC22	ACKR4	Osteoclast	354	1	0.2824858757062147
GSE152048	BC22	ACKR4	Pericyte	185	2	1.0810810810810811
GSE152048	BC22	ACKR4	T_NK	237	0	0.0
GSE152048	BC22	ACKR4	Tumor_mesenchymal	683	65	9.51683748169839
GSE152048	BC3	ACKR4	Fibroblast_MSC	10	0	0.0
GSE152048	BC3	ACKR4	Myeloid	1047	0	0.0
GSE152048	BC3	ACKR4	Osteoclast	100	0	0.0
GSE152048	BC3	ACKR4	Pericyte	2	0	0.0
GSE152048	BC3	ACKR4	T_NK	514	1	0.19455252918287938
GSE152048	BC3	ACKR4	Tumor_mesenchymal	1327	0	0.0
GSE152048	BC5	ACKR4	Fibroblast_MSC	9	0	0.0
GSE152048	BC5	ACKR4	Myeloid	1732	3	0.17321016166281755
GSE152048	BC5	ACKR4	Osteoclast	32	0	0.0
GSE152048	BC5	ACKR4	Pericyte	4	0	0.0
GSE152048	BC5	ACKR4	T_NK	230	1	0.43478260869565216
GSE152048	BC5	ACKR4	Tumor_mesenchymal	993	3	0.3021148036253776
GSE152048	BC6	ACKR4	Myeloid	24	0	0.0
GSE152048	BC6	ACKR4	Osteoclast	27	0	0.0
GSE152048	BC6	ACKR4	Pericyte	4	0	0.0
GSE152048	BC6	ACKR4	T_NK	574	1	0.17421602787456447
GSE152048	BC6	ACKR4	Tumor_mesenchymal	2371	8	0.3374103753690426
GSE162454	OS_1	CCL13	B_plasma	6	0	0.0
GSE162454	OS_1	CCL13	Endothelial	20	0	0.0
GSE162454	OS_1	CCL13	Fibroblast_MSC	46	0	0.0
GSE162454	OS_1	CCL13	Myeloid	1693	31	1.831069108092144
GSE162454	OS_1	CCL13	Osteoclast	282	1	0.3546099290780142
GSE162454	OS_1	CCL13	T_NK	114	0	0.0
GSE162454	OS_1	CCL13	Tumor_mesenchymal	839	2	0.23837902264600713
GSE162454	OS_2	CCL13	B_plasma	13	0	0.0
GSE162454	OS_2	CCL13	Endothelial	102	1	0.9803921568627451
GSE162454	OS_2	CCL13	Fibroblast_MSC	99	6	6.0606060606060606
GSE162454	OS_2	CCL13	Myeloid	1072	117	10.914179104477611
GSE162454	OS_2	CCL13	Osteoclast	267	6	2.247191011235955
GSE162454	OS_2	CCL13	T_NK	318	0	0.0
GSE162454	OS_2	CCL13	Tumor_mesenchymal	1129	8	0.70859167404783
GSE162454	OS_3	CCL13	B_plasma	4	0	0.0
GSE162454	OS_3	CCL13	Endothelial	71	0	0.0
GSE162454	OS_3	CCL13	Fibroblast_MSC	157	0	0.0
GSE162454	OS_3	CCL13	Myeloid	201	2	0.9950248756218906
GSE162454	OS_3	CCL13	Osteoclast	172	0	0.0
GSE162454	OS_3	CCL13	T_NK	90	0	0.0
GSE162454	OS_3	CCL13	Tumor_mesenchymal	2305	1	0.04338394793926247
GSE162454	OS_4	CCL13	B_plasma	87	0	0.0
GSE162454	OS_4	CCL13	Endothelial	68	0	0.0
GSE162454	OS_4	CCL13	Fibroblast_MSC	115	6	5.217391304347826
GSE162454	OS_4	CCL13	Myeloid	1228	28	2.2801302931596092
GSE162454	OS_4	CCL13	Osteoclast	165	0	0.0
GSE162454	OS_4	CCL13	T_NK	337	0	0.0
GSE162454	OS_4	CCL13	Tumor_mesenchymal	1000	0	0.0
GSE162454	OS_5	CCL13	B_plasma	6	0	0.0
GSE162454	OS_5	CCL13	Endothelial	52	0	0.0
GSE162454	OS_5	CCL13	Fibroblast_MSC	55	0	0.0
GSE162454	OS_5	CCL13	Myeloid	2083	112	5.376860297647624
GSE162454	OS_5	CCL13	Osteoclast	82	2	2.4390243902439024
GSE162454	OS_5	CCL13	T_NK	598	0	0.0
GSE162454	OS_5	CCL13	Tumor_mesenchymal	124	0	0.0
GSE162454	OS_6	CCL13	B_plasma	466	1	0.2145922746781116
GSE162454	OS_6	CCL13	Endothelial	50	0	0.0
GSE162454	OS_6	CCL13	Fibroblast_MSC	190	1	0.5263157894736842
GSE162454	OS_6	CCL13	Myeloid	471	16	3.397027600849257
GSE162454	OS_6	CCL13	Osteoclast	14	0	0.0
GSE162454	OS_6	CCL13	T_NK	966	0	0.0
GSE162454	OS_6	CCL13	Tumor_mesenchymal	843	0	0.0
GSE162454	OS_1	CCL19	B_plasma	6	0	0.0
GSE162454	OS_1	CCL19	Endothelial	20	0	0.0
GSE162454	OS_1	CCL19	Fibroblast_MSC	46	1	2.1739130434782608
GSE162454	OS_1	CCL19	Myeloid	1693	5	0.29533372711163614
GSE162454	OS_1	CCL19	Osteoclast	282	0	0.0
GSE162454	OS_1	CCL19	T_NK	114	0	0.0
GSE162454	OS_1	CCL19	Tumor_mesenchymal	839	0	0.0
GSE162454	OS_2	CCL19	B_plasma	13	0	0.0
GSE162454	OS_2	CCL19	Endothelial	102	1	0.9803921568627451
GSE162454	OS_2	CCL19	Fibroblast_MSC	99	8	8.080808080808081
GSE162454	OS_2	CCL19	Myeloid	1072	6	0.5597014925373134
GSE162454	OS_2	CCL19	Osteoclast	267	1	0.37453183520599254
GSE162454	OS_2	CCL19	T_NK	318	1	0.3144654088050315
GSE162454	OS_2	CCL19	Tumor_mesenchymal	1129	5	0.44286979627989376
GSE162454	OS_3	CCL19	B_plasma	4	0	0.0
GSE162454	OS_3	CCL19	Endothelial	71	0	0.0
GSE162454	OS_3	CCL19	Fibroblast_MSC	157	0	0.0
GSE162454	OS_3	CCL19	Myeloid	201	2	0.9950248756218906
GSE162454	OS_3	CCL19	Osteoclast	172	0	0.0
GSE162454	OS_3	CCL19	T_NK	90	0	0.0
GSE162454	OS_3	CCL19	Tumor_mesenchymal	2305	0	0.0
GSE162454	OS_4	CCL19	B_plasma	87	0	0.0
GSE162454	OS_4	CCL19	Endothelial	68	0	0.0
GSE162454	OS_4	CCL19	Fibroblast_MSC	115	2	1.7391304347826086
GSE162454	OS_4	CCL19	Myeloid	1228	6	0.4885993485342019
GSE162454	OS_4	CCL19	Osteoclast	165	0	0.0
GSE162454	OS_4	CCL19	T_NK	337	0	0.0
GSE162454	OS_4	CCL19	Tumor_mesenchymal	1000	1	0.1
GSE162454	OS_5	CCL19	B_plasma	6	0	0.0
GSE162454	OS_5	CCL19	Endothelial	52	0	0.0
GSE162454	OS_5	CCL19	Fibroblast_MSC	55	0	0.0
GSE162454	OS_5	CCL19	Myeloid	2083	10	0.4800768122899664
GSE162454	OS_5	CCL19	Osteoclast	82	0	0.0
GSE162454	OS_5	CCL19	T_NK	598	1	0.16722408026755853
GSE162454	OS_5	CCL19	Tumor_mesenchymal	124	0	0.0
GSE162454	OS_6	CCL19	B_plasma	466	0	0.0
GSE162454	OS_6	CCL19	Endothelial	50	0	0.0
GSE162454	OS_6	CCL19	Fibroblast_MSC	190	0	0.0
GSE162454	OS_6	CCL19	Myeloid	471	10	2.1231422505307855
GSE162454	OS_6	CCL19	Osteoclast	14	0	0.0
GSE162454	OS_6	CCL19	T_NK	966	0	0.0
GSE162454	OS_6	CCL19	Tumor_mesenchymal	843	0	0.0
GSE162454	OS_1	CCL20	B_plasma	6	0	0.0
GSE162454	OS_1	CCL20	Endothelial	20	0	0.0
GSE162454	OS_1	CCL20	Fibroblast_MSC	46	4	8.695652173913043
GSE162454	OS_1	CCL20	Myeloid	1693	402	23.74483165977555
GSE162454	OS_1	CCL20	Osteoclast	282	17	6.028368794326241
GSE162454	OS_1	CCL20	T_NK	114	13	11.403508771929824
GSE162454	OS_1	CCL20	Tumor_mesenchymal	839	38	4.529201430274136
GSE162454	OS_2	CCL20	B_plasma	13	0	0.0
GSE162454	OS_2	CCL20	Endothelial	102	2	1.9607843137254901
GSE162454	OS_2	CCL20	Fibroblast_MSC	99	2	2.0202020202020203
GSE162454	OS_2	CCL20	Myeloid	1072	335	31.25
GSE162454	OS_2	CCL20	Osteoclast	267	22	8.239700374531834
GSE162454	OS_2	CCL20	T_NK	318	27	8.49056603773585
GSE162454	OS_2	CCL20	Tumor_mesenchymal	1129	36	3.188662533215235
GSE162454	OS_3	CCL20	B_plasma	4	0	0.0
GSE162454	OS_3	CCL20	Endothelial	71	0	0.0
GSE162454	OS_3	CCL20	Fibroblast_MSC	157	8	5.095541401273886
GSE162454	OS_3	CCL20	Myeloid	201	42	20.8955223880597
GSE162454	OS_3	CCL20	Osteoclast	172	17	9.883720930232558
GSE162454	OS_3	CCL20	T_NK	90	2	2.2222222222222223
GSE162454	OS_3	CCL20	Tumor_mesenchymal	2305	31	1.3449023861171365
GSE162454	OS_4	CCL20	B_plasma	87	4	4.597701149425287
GSE162454	OS_4	CCL20	Endothelial	68	6	8.823529411764707
GSE162454	OS_4	CCL20	Fibroblast_MSC	115	10	8.695652173913043
GSE162454	OS_4	CCL20	Myeloid	1228	564	45.928338762214985
GSE162454	OS_4	CCL20	Osteoclast	165	16	9.696969696969697
GSE162454	OS_4	CCL20	T_NK	337	18	5.341246290801187
GSE162454	OS_4	CCL20	Tumor_mesenchymal	1000	75	7.5
GSE162454	OS_5	CCL20	B_plasma	6	0	0.0
GSE162454	OS_5	CCL20	Endothelial	52	4	7.6923076923076925
GSE162454	OS_5	CCL20	Fibroblast_MSC	55	8	14.545454545454545
GSE162454	OS_5	CCL20	Myeloid	2083	801	38.45415266442631
GSE162454	OS_5	CCL20	Osteoclast	82	8	9.75609756097561
GSE162454	OS_5	CCL20	T_NK	598	49	8.193979933110368
GSE162454	OS_5	CCL20	Tumor_mesenchymal	124	16	12.903225806451612
GSE162454	OS_6	CCL20	B_plasma	466	6	1.2875536480686696
GSE162454	OS_6	CCL20	Endothelial	50	0	0.0
GSE162454	OS_6	CCL20	Fibroblast_MSC	190	1	0.5263157894736842
GSE162454	OS_6	CCL20	Myeloid	471	131	27.81316348195329
GSE162454	OS_6	CCL20	Osteoclast	14	0	0.0
GSE162454	OS_6	CCL20	T_NK	966	19	1.9668737060041408
GSE162454	OS_6	CCL20	Tumor_mesenchymal	843	13	1.542111506524318
GSE162454	OS_1	CCL21	B_plasma	6	0	0.0
GSE162454	OS_1	CCL21	Endothelial	20	1	5.0
GSE162454	OS_1	CCL21	Fibroblast_MSC	46	2	4.3478260869565215
GSE162454	OS_1	CCL21	Myeloid	1693	1	0.05906674542232723
GSE162454	OS_1	CCL21	Osteoclast	282	0	0.0
GSE162454	OS_1	CCL21	T_NK	114	0	0.0
GSE162454	OS_1	CCL21	Tumor_mesenchymal	839	1	0.11918951132300357
GSE162454	OS_2	CCL21	B_plasma	13	0	0.0
GSE162454	OS_2	CCL21	Endothelial	102	2	1.9607843137254901
GSE162454	OS_2	CCL21	Fibroblast_MSC	99	5	5.05050505050505
GSE162454	OS_2	CCL21	Myeloid	1072	0	0.0
GSE162454	OS_2	CCL21	Osteoclast	267	0	0.0
GSE162454	OS_2	CCL21	T_NK	318	0	0.0
GSE162454	OS_2	CCL21	Tumor_mesenchymal	1129	2	0.1771479185119575
GSE162454	OS_3	CCL21	B_plasma	4	0	0.0
GSE162454	OS_3	CCL21	Endothelial	71	0	0.0
GSE162454	OS_3	CCL21	Fibroblast_MSC	157	0	0.0
GSE162454	OS_3	CCL21	Myeloid	201	0	0.0
GSE162454	OS_3	CCL21	Osteoclast	172	0	0.0
GSE162454	OS_3	CCL21	T_NK	90	0	0.0
GSE162454	OS_3	CCL21	Tumor_mesenchymal	2305	0	0.0
GSE162454	OS_4	CCL21	B_plasma	87	0	0.0
GSE162454	OS_4	CCL21	Endothelial	68	1	1.4705882352941175
GSE162454	OS_4	CCL21	Fibroblast_MSC	115	3	2.608695652173913
GSE162454	OS_4	CCL21	Myeloid	1228	1	0.08143322475570033
GSE162454	OS_4	CCL21	Osteoclast	165	0	0.0
GSE162454	OS_4	CCL21	T_NK	337	0	0.0
GSE162454	OS_4	CCL21	Tumor_mesenchymal	1000	2	0.2
GSE162454	OS_5	CCL21	B_plasma	6	0	0.0
GSE162454	OS_5	CCL21	Endothelial	52	0	0.0
GSE162454	OS_5	CCL21	Fibroblast_MSC	55	0	0.0
GSE162454	OS_5	CCL21	Myeloid	2083	0	0.0
GSE162454	OS_5	CCL21	Osteoclast	82	0	0.0
GSE162454	OS_5	CCL21	T_NK	598	0	0.0
GSE162454	OS_5	CCL21	Tumor_mesenchymal	124	0	0.0
GSE162454	OS_6	CCL21	B_plasma	466	0	0.0
GSE162454	OS_6	CCL21	Endothelial	50	0	0.0
GSE162454	OS_6	CCL21	Fibroblast_MSC	190	0	0.0
GSE162454	OS_6	CCL21	Myeloid	471	0	0.0
GSE162454	OS_6	CCL21	Osteoclast	14	0	0.0
GSE162454	OS_6	CCL21	T_NK	966	0	0.0
GSE162454	OS_6	CCL21	Tumor_mesenchymal	843	1	0.11862396204033215
GSE162454	OS_1	CCL22	B_plasma	6	0	0.0
GSE162454	OS_1	CCL22	Endothelial	20	0	0.0
GSE162454	OS_1	CCL22	Fibroblast_MSC	46	0	0.0
GSE162454	OS_1	CCL22	Myeloid	1693	10	0.5906674542232723
GSE162454	OS_1	CCL22	Osteoclast	282	3	1.0638297872340425
GSE162454	OS_1	CCL22	T_NK	114	0	0.0
GSE162454	OS_1	CCL22	Tumor_mesenchymal	839	0	0.0
GSE162454	OS_2	CCL22	B_plasma	13	0	0.0
GSE162454	OS_2	CCL22	Endothelial	102	0	0.0
GSE162454	OS_2	CCL22	Fibroblast_MSC	99	0	0.0
GSE162454	OS_2	CCL22	Myeloid	1072	18	1.6791044776119404
GSE162454	OS_2	CCL22	Osteoclast	267	8	2.9962546816479403
GSE162454	OS_2	CCL22	T_NK	318	2	0.628930817610063
GSE162454	OS_2	CCL22	Tumor_mesenchymal	1129	2	0.1771479185119575
GSE162454	OS_3	CCL22	B_plasma	4	0	0.0
GSE162454	OS_3	CCL22	Endothelial	71	0	0.0
GSE162454	OS_3	CCL22	Fibroblast_MSC	157	0	0.0
GSE162454	OS_3	CCL22	Myeloid	201	1	0.4975124378109453
GSE162454	OS_3	CCL22	Osteoclast	172	2	1.1627906976744187
GSE162454	OS_3	CCL22	T_NK	90	0	0.0
GSE162454	OS_3	CCL22	Tumor_mesenchymal	2305	2	0.08676789587852494
GSE162454	OS_4	CCL22	B_plasma	87	2	2.2988505747126435
GSE162454	OS_4	CCL22	Endothelial	68	0	0.0
GSE162454	OS_4	CCL22	Fibroblast_MSC	115	0	0.0
GSE162454	OS_4	CCL22	Myeloid	1228	14	1.1400651465798046
GSE162454	OS_4	CCL22	Osteoclast	165	2	1.2121212121212122
GSE162454	OS_4	CCL22	T_NK	337	0	0.0
GSE162454	OS_4	CCL22	Tumor_mesenchymal	1000	2	0.2
GSE162454	OS_5	CCL22	B_plasma	6	0	0.0
GSE162454	OS_5	CCL22	Endothelial	52	0	0.0
GSE162454	OS_5	CCL22	Fibroblast_MSC	55	0	0.0
GSE162454	OS_5	CCL22	Myeloid	2083	21	1.0081613058089294
GSE162454	OS_5	CCL22	Osteoclast	82	2	2.4390243902439024
GSE162454	OS_5	CCL22	T_NK	598	1	0.16722408026755853
GSE162454	OS_5	CCL22	Tumor_mesenchymal	124	0	0.0
GSE162454	OS_6	CCL22	B_plasma	466	1	0.2145922746781116
GSE162454	OS_6	CCL22	Endothelial	50	0	0.0
GSE162454	OS_6	CCL22	Fibroblast_MSC	190	0	0.0
GSE162454	OS_6	CCL22	Myeloid	471	2	0.42462845010615713
GSE162454	OS_6	CCL22	Osteoclast	14	0	0.0
GSE162454	OS_6	CCL22	T_NK	966	0	0.0
GSE162454	OS_6	CCL22	Tumor_mesenchymal	843	1	0.11862396204033215
GSE162454	OS_1	CCL25	B_plasma	6	0	0.0
GSE162454	OS_1	CCL25	Endothelial	20	0	0.0
GSE162454	OS_1	CCL25	Fibroblast_MSC	46	0	0.0
GSE162454	OS_1	CCL25	Myeloid	1693	0	0.0
GSE162454	OS_1	CCL25	Osteoclast	282	0	0.0
GSE162454	OS_1	CCL25	T_NK	114	0	0.0
GSE162454	OS_1	CCL25	Tumor_mesenchymal	839	1	0.11918951132300357
GSE162454	OS_2	CCL25	B_plasma	13	0	0.0
GSE162454	OS_2	CCL25	Endothelial	102	0	0.0
GSE162454	OS_2	CCL25	Fibroblast_MSC	99	0	0.0
GSE162454	OS_2	CCL25	Myeloid	1072	0	0.0
GSE162454	OS_2	CCL25	Osteoclast	267	0	0.0
GSE162454	OS_2	CCL25	T_NK	318	0	0.0
GSE162454	OS_2	CCL25	Tumor_mesenchymal	1129	0	0.0
GSE162454	OS_3	CCL25	B_plasma	4	0	0.0
GSE162454	OS_3	CCL25	Endothelial	71	0	0.0
GSE162454	OS_3	CCL25	Fibroblast_MSC	157	0	0.0
GSE162454	OS_3	CCL25	Myeloid	201	0	0.0
GSE162454	OS_3	CCL25	Osteoclast	172	0	0.0
GSE162454	OS_3	CCL25	T_NK	90	0	0.0
GSE162454	OS_3	CCL25	Tumor_mesenchymal	2305	0	0.0
GSE162454	OS_4	CCL25	B_plasma	87	1	1.1494252873563218
GSE162454	OS_4	CCL25	Endothelial	68	0	0.0
GSE162454	OS_4	CCL25	Fibroblast_MSC	115	0	0.0
GSE162454	OS_4	CCL25	Myeloid	1228	0	0.0
GSE162454	OS_4	CCL25	Osteoclast	165	0	0.0
GSE162454	OS_4	CCL25	T_NK	337	0	0.0
GSE162454	OS_4	CCL25	Tumor_mesenchymal	1000	0	0.0
GSE162454	OS_5	CCL25	B_plasma	6	0	0.0
GSE162454	OS_5	CCL25	Endothelial	52	0	0.0
GSE162454	OS_5	CCL25	Fibroblast_MSC	55	0	0.0
GSE162454	OS_5	CCL25	Myeloid	2083	0	0.0
GSE162454	OS_5	CCL25	Osteoclast	82	0	0.0
GSE162454	OS_5	CCL25	T_NK	598	3	0.5016722408026756
GSE162454	OS_5	CCL25	Tumor_mesenchymal	124	0	0.0
GSE162454	OS_6	CCL25	B_plasma	466	4	0.8583690987124464
GSE162454	OS_6	CCL25	Endothelial	50	0	0.0
GSE162454	OS_6	CCL25	Fibroblast_MSC	190	0	0.0
GSE162454	OS_6	CCL25	Myeloid	471	0	0.0
GSE162454	OS_6	CCL25	Osteoclast	14	0	0.0
GSE162454	OS_6	CCL25	T_NK	966	1	0.10351966873706005
GSE162454	OS_6	CCL25	Tumor_mesenchymal	843	2	0.2372479240806643
GSE162454	OS_1	ACKR4	B_plasma	6	0	0.0
GSE162454	OS_1	ACKR4	Endothelial	20	0	0.0
GSE162454	OS_1	ACKR4	Fibroblast_MSC	46	1	2.1739130434782608
GSE162454	OS_1	ACKR4	Myeloid	1693	62	3.662138216184288
GSE162454	OS_1	ACKR4	Osteoclast	282	55	19.50354609929078
GSE162454	OS_1	ACKR4	T_NK	114	0	0.0
GSE162454	OS_1	ACKR4	Tumor_mesenchymal	839	2	0.23837902264600713
GSE162454	OS_2	ACKR4	B_plasma	13	0	0.0
GSE162454	OS_2	ACKR4	Endothelial	102	0	0.0
GSE162454	OS_2	ACKR4	Fibroblast_MSC	99	6	6.0606060606060606
GSE162454	OS_2	ACKR4	Myeloid	1072	8	0.7462686567164178
GSE162454	OS_2	ACKR4	Osteoclast	267	9	3.3707865168539324
GSE162454	OS_2	ACKR4	T_NK	318	0	0.0
GSE162454	OS_2	ACKR4	Tumor_mesenchymal	1129	1	0.08857395925597875
GSE162454	OS_3	ACKR4	B_plasma	4	0	0.0
GSE162454	OS_3	ACKR4	Endothelial	71	0	0.0
GSE162454	OS_3	ACKR4	Fibroblast_MSC	157	5	3.1847133757961785
GSE162454	OS_3	ACKR4	Myeloid	201	0	0.0
GSE162454	OS_3	ACKR4	Osteoclast	172	0	0.0
GSE162454	OS_3	ACKR4	T_NK	90	0	0.0
GSE162454	OS_3	ACKR4	Tumor_mesenchymal	2305	1	0.04338394793926247
GSE162454	OS_4	ACKR4	B_plasma	87	0	0.0
GSE162454	OS_4	ACKR4	Endothelial	68	0	0.0
GSE162454	OS_4	ACKR4	Fibroblast_MSC	115	13	11.304347826086957
GSE162454	OS_4	ACKR4	Myeloid	1228	8	0.6514657980456027
GSE162454	OS_4	ACKR4	Osteoclast	165	11	6.666666666666667
GSE162454	OS_4	ACKR4	T_NK	337	0	0.0
GSE162454	OS_4	ACKR4	Tumor_mesenchymal	1000	4	0.4
GSE162454	OS_5	ACKR4	B_plasma	6	0	0.0
GSE162454	OS_5	ACKR4	Endothelial	52	0	0.0
GSE162454	OS_5	ACKR4	Fibroblast_MSC	55	0	0.0
GSE162454	OS_5	ACKR4	Myeloid	2083	5	0.2400384061449832
GSE162454	OS_5	ACKR4	Osteoclast	82	9	10.975609756097562
GSE162454	OS_5	ACKR4	T_NK	598	0	0.0
GSE162454	OS_5	ACKR4	Tumor_mesenchymal	124	1	0.8064516129032258
GSE162454	OS_6	ACKR4	B_plasma	466	0	0.0
GSE162454	OS_6	ACKR4	Endothelial	50	0	0.0
GSE162454	OS_6	ACKR4	Fibroblast_MSC	190	1	0.5263157894736842
GSE162454	OS_6	ACKR4	Myeloid	471	1	0.21231422505307856
GSE162454	OS_6	ACKR4	Osteoclast	14	2	14.285714285714285
GSE162454	OS_6	ACKR4	T_NK	966	0	0.0
GSE162454	OS_6	ACKR4	Tumor_mesenchymal	843	5	0.5931198102016607
