patient_id	lineage	gene	cells	mean_expression	percent_expressing
OS_1	B_Plasma	CCL7	19	0	0
OS_1	B_Plasma	CCL13	19	0	0
OS_1	B_Plasma	CCL19	19	0	0
OS_1	B_Plasma	ACKR4	19	0	0
OS_1	B_Plasma	CCR9	19	0	0
OS_1	B_Plasma	TAC4	19	0	0
OS_1	B_Plasma	TACR2	19	0	0
OS_2	B_Plasma	CCL7	22	0	0
OS_2	B_Plasma	CCL13	22	0	0
OS_2	B_Plasma	CCL19	22	0	0
OS_2	B_Plasma	ACKR4	22	0	0
OS_2	B_Plasma	CCR9	22	0	0
OS_2	B_Plasma	TAC4	22	0	0
OS_2	B_Plasma	TACR2	22	0	0
OS_3	B_Plasma	CCL7	14	0	0
OS_3	B_Plasma	CCL13	14	0	0
OS_3	B_Plasma	CCL19	14	0	0
OS_3	B_Plasma	ACKR4	14	0	0
OS_3	B_Plasma	CCR9	14	0	0
OS_3	B_Plasma	TAC4	14	0	0
OS_3	B_Plasma	TACR2	14	0	0
OS_4	B_Plasma	CCL7	128	0	0
OS_4	B_Plasma	CCL13	128	0	0
OS_4	B_Plasma	CCL19	128	0.0226554546994806	0.78125
OS_4	B_Plasma	ACKR4	128	0	0
OS_4	B_Plasma	CCR9	128	0	0
OS_4	B_Plasma	TAC4	128	0	0
OS_4	B_Plasma	TACR2	128	0	0
OS_5	B_Plasma	CCL7	16	0	0
OS_5	B_Plasma	CCL13	16	0	0
OS_5	B_Plasma	CCL19	16	0	0
OS_5	B_Plasma	ACKR4	16	0	0
OS_5	B_Plasma	CCR9	16	0	0
OS_5	B_Plasma	TAC4	16	0	0
OS_5	B_Plasma	TACR2	16	0	0
OS_6	B_Plasma	CCL7	1054	0.000613872190636	0.189753320683112
OS_6	B_Plasma	CCL13	1054	0	0
OS_6	B_Plasma	CCL19	1054	0.00228885398699918	0.189753320683112
OS_6	B_Plasma	ACKR4	1054	0	0
OS_6	B_Plasma	CCR9	1054	0	0
OS_6	B_Plasma	TAC4	1054	0.00224958257212891	0.094876660341556
OS_6	B_Plasma	TACR2	1054	0	0
OS_6	Chondroblastic_OS	CCL7	1568	0.000355362299103846	0.127551020408163
OS_6	Chondroblastic_OS	CCL13	1568	0	0
OS_6	Chondroblastic_OS	CCL19	1568	0.00153686096636952	0.0637755102040816
OS_6	Chondroblastic_OS	ACKR4	1568	0.00178034204528603	0.446428571428571
OS_6	Chondroblastic_OS	CCR9	1568	0	0
OS_6	Chondroblastic_OS	TAC4	1568	0.00824103450473738	2.10459183673469
OS_6	Chondroblastic_OS	TACR2	1568	0	0
OS_1	Endothelial	CCL7	37	0	0
OS_1	Endothelial	CCL13	37	0	0
OS_1	Endothelial	CCL19	37	0	0
OS_1	Endothelial	ACKR4	37	0	0
OS_1	Endothelial	CCR9	37	0	0
OS_1	Endothelial	TAC4	37	0	0
OS_1	Endothelial	TACR2	37	0	0
OS_2	Endothelial	CCL7	242	0	0
OS_2	Endothelial	CCL13	242	0	0
OS_2	Endothelial	CCL19	242	0.00549283441309943	0.826446280991736
OS_2	Endothelial	ACKR4	242	0	0
OS_2	Endothelial	CCR9	242	0	0
OS_2	Endothelial	TAC4	242	0.0270602645053688	3.71900826446281
OS_2	Endothelial	TACR2	242	0	0
OS_3	Endothelial	CCL7	182	0	0
OS_3	Endothelial	CCL13	182	0	0
OS_3	Endothelial	CCL19	182	0	0
OS_3	Endothelial	ACKR4	182	0	0
OS_3	Endothelial	CCR9	182	0	0
OS_3	Endothelial	TAC4	182	0	0
OS_3	Endothelial	TACR2	182	0	0
OS_4	Endothelial	CCL7	81	0	0
OS_4	Endothelial	CCL13	81	0	0
OS_4	Endothelial	CCL19	81	0	0
OS_4	Endothelial	ACKR4	81	0	0
OS_4	Endothelial	CCR9	81	0	0
OS_4	Endothelial	TAC4	81	0.015713913604867	2.46913580246914
OS_4	Endothelial	TACR2	81	0.0087222345239052	2.46913580246914
OS_5	Endothelial	CCL7	157	0	0
OS_5	Endothelial	CCL13	157	0	0
OS_5	Endothelial	CCL19	157	0	0
OS_5	Endothelial	ACKR4	157	0	0
OS_5	Endothelial	CCR9	157	0	0
OS_5	Endothelial	TAC4	157	0	0
OS_5	Endothelial	TACR2	157	0.00560653707898036	1.27388535031847
OS_6	Endothelial	CCL7	127	0	0
OS_6	Endothelial	CCL13	127	0	0
OS_6	Endothelial	CCL19	127	0	0
OS_6	Endothelial	ACKR4	127	0	0
OS_6	Endothelial	CCR9	127	0	0
OS_6	Endothelial	TAC4	127	0	0
OS_6	Endothelial	TACR2	127	0.00434734837087608	0.78740157480315
OS_1	Fibroblast	CCL7	49	0	0
OS_1	Fibroblast	CCL13	49	0	0
OS_1	Fibroblast	CCL19	49	0	0
OS_1	Fibroblast	ACKR4	49	0.0277785015290366	4.08163265306122
OS_1	Fibroblast	CCR9	49	0	0
OS_1	Fibroblast	TAC4	49	0	0
OS_1	Fibroblast	TACR2	49	0	0
OS_2	Fibroblast	CCL7	2289	0.00115729594073338	0.0436871996505024
OS_2	Fibroblast	CCL13	2289	0.00677343758711976	0.611620795107034
OS_2	Fibroblast	CCL19	2289	0.0141025409144373	0.698995194408039
OS_2	Fibroblast	ACKR4	2289	0.00262177260515303	0.17474879860201
OS_2	Fibroblast	CCR9	2289	0	0
OS_2	Fibroblast	TAC4	2289	0.62863467686896	36.3040629095675
OS_2	Fibroblast	TACR2	2289	0.00381689281709917	0.786369593709043
OS_3	Fibroblast	CCL7	283	0.0140050543646933	1.06007067137809
OS_3	Fibroblast	CCL13	283	0	0
OS_3	Fibroblast	CCL19	283	0	0
OS_3	Fibroblast	ACKR4	283	0.0410836228478136	3.18021201413428
OS_3	Fibroblast	CCR9	283	0	0
OS_3	Fibroblast	TAC4	283	0	0
OS_3	Fibroblast	TACR2	283	0.00383782295577426	0.353356890459364
OS_4	Fibroblast	CCL7	88	0.0206575123996009	4.54545454545455
OS_4	Fibroblast	CCL13	88	0.0952555094980842	5.68181818181818
OS_4	Fibroblast	CCL19	88	0.0501706087519226	2.27272727272727
OS_4	Fibroblast	ACKR4	88	0.119976752634206	19.3181818181818
OS_4	Fibroblast	CCR9	88	0	0
OS_4	Fibroblast	TAC4	88	0.0361532886106304	3.40909090909091
OS_4	Fibroblast	TACR2	88	0	0
OS_5	Fibroblast	CCL7	410	0.00451758592618019	0.487804878048781
OS_5	Fibroblast	CCL13	410	0.000503055046130501	0.24390243902439
OS_5	Fibroblast	CCL19	410	0	0
OS_5	Fibroblast	ACKR4	410	0.00125847685861275	0.487804878048781
OS_5	Fibroblast	CCR9	410	0	0
OS_5	Fibroblast	TAC4	410	0.050791089761447	11.7073170731707
OS_5	Fibroblast	TACR2	410	0.000447246126272375	0.24390243902439
OS_6	Fibroblast	CCL7	518	0	0
OS_6	Fibroblast	CCL13	518	0.00203408058545467	0.193050193050193
OS_6	Fibroblast	CCL19	518	0	0
OS_6	Fibroblast	ACKR4	518	0.00447690977175998	0.193050193050193
OS_6	Fibroblast	CCR9	518	0	0
OS_6	Fibroblast	TAC4	518	0.00224035475589803	0.193050193050193
OS_6	Fibroblast	TACR2	518	0	0
OS_1	Myeloid	CCL7	2794	0.0158930621497396	1.75375805297065
OS_1	Myeloid	CCL13	2794	0.016173905648846	1.89692197566213
OS_1	Myeloid	CCL19	2794	0.00253316091350312	0.357909806728704
OS_1	Myeloid	ACKR4	2794	0.00509924242103255	1.00214745884037
OS_1	Myeloid	CCR9	2794	0.000288633734081042	0.0357909806728704
OS_1	Myeloid	TAC4	2794	0	0
OS_1	Myeloid	TACR2	2794	0.00369311582025621	0.536864710093057
OS_2	Myeloid	CCL7	1837	0.0636203783595553	2.9940119760479
OS_2	Myeloid	CCL13	1837	0.146488173473719	11.1050626020686
OS_2	Myeloid	CCL19	1837	0.0113815497334913	0.762112139357648
OS_2	Myeloid	ACKR4	1837	0.00152841344196603	0.108873162765378
OS_2	Myeloid	CCR9	1837	0	0
OS_2	Myeloid	TAC4	1837	0.0248190783605627	2.61295590636908
OS_2	Myeloid	TACR2	1837	0.00138692941367845	0.163309744148068
OS_3	Myeloid	CCL7	344	0.0445835493096513	3.19767441860465
OS_3	Myeloid	CCL13	344	0.0278237721928402	2.03488372093023
OS_3	Myeloid	CCL19	344	0.027922775108914	1.16279069767442
OS_3	Myeloid	ACKR4	344	0.00184274519475897	0.290697674418605
OS_3	Myeloid	CCR9	344	0	0
OS_3	Myeloid	TAC4	344	0	0
OS_3	Myeloid	TACR2	344	0	0
OS_4	Myeloid	CCL7	1369	0.0919456154431795	6.93937180423667
OS_4	Myeloid	CCL13	1369	0.0203275420958258	2.19138056975895
OS_4	Myeloid	CCL19	1369	0.0119694952615432	0.58436815193572
OS_4	Myeloid	ACKR4	1369	0.00140204871283506	0.219138056975895
OS_4	Myeloid	CCR9	1369	0	0
OS_4	Myeloid	TAC4	1369	0.000858479973949266	0.14609203798393
OS_4	Myeloid	TACR2	1369	0.00404773073456365	0.657414170927684
OS_5	Myeloid	CCL7	5118	0.00891373436980002	0.644783118405627
OS_5	Myeloid	CCL13	5118	0.0683628029467037	5.58812035951544
OS_5	Myeloid	CCL19	5118	0.00525541143884799	0.371238765142634
OS_5	Myeloid	ACKR4	5118	0.00169607771108309	0.156311059007425
OS_5	Myeloid	CCR9	5118	0	0
OS_5	Myeloid	TAC4	5118	0.00204352941025623	0.214927706135209
OS_5	Myeloid	TACR2	5118	0.00336130620296822	0.449394294646346
OS_6	Myeloid	CCL7	967	0.0449920173488658	3.205791106515
OS_6	Myeloid	CCL13	967	0.0288822296113835	2.68872802481903
OS_6	Myeloid	CCL19	967	0.0354839372255267	1.75801447776629
OS_6	Myeloid	ACKR4	967	0.000649831513390926	0.103412616339193
OS_6	Myeloid	CCR9	967	0	0
OS_6	Myeloid	TAC4	967	0	0
OS_6	Myeloid	TACR2	967	0.00156911683632546	0.206825232678387
OS_1	Osteoblastic_OS	CCL7	2047	0	0
OS_1	Osteoblastic_OS	CCL13	2047	0.00117949269149211	0.0488519785051295
OS_1	Osteoblastic_OS	CCL19	2047	0.000230197506986916	0.0488519785051295
OS_1	Osteoblastic_OS	ACKR4	2047	0.000644161908913499	0.244259892525647
OS_1	Osteoblastic_OS	CCR9	2047	0.000789676175419562	0.195407914020518
OS_1	Osteoblastic_OS	TAC4	2047	0.0125099654695498	2.05178309721544
OS_1	Osteoblastic_OS	TACR2	2047	0.000735394967144315	0.244259892525647
OS_2	Osteoblastic_OS	CCL7	171	0.0371778202384138	1.75438596491228
OS_2	Osteoblastic_OS	CCL13	171	0.0390132003443054	1.75438596491228
OS_2	Osteoblastic_OS	CCL19	171	0	0
OS_2	Osteoblastic_OS	ACKR4	171	0	0
OS_2	Osteoblastic_OS	CCR9	171	0	0
OS_2	Osteoblastic_OS	TAC4	171	0.0492124486578253	2.33918128654971
OS_2	Osteoblastic_OS	TACR2	171	0.0143926071145447	0.584795321637427
OS_3	Osteoblastic_OS	CCL7	5354	0.00136836280450839	0.168098617855809
OS_3	Osteoblastic_OS	CCL13	5354	0.00010493483334085	0.018677624206201
OS_3	Osteoblastic_OS	CCL19	5354	0.000161989300871072	0.018677624206201
OS_3	Osteoblastic_OS	ACKR4	5354	0.000602233950318833	0.0747104968248039
OS_3	Osteoblastic_OS	CCR9	5354	0	0
OS_3	Osteoblastic_OS	TAC4	5354	0.00104526542053833	0.130743369443407
OS_3	Osteoblastic_OS	TACR2	5354	0.00126090345616702	0.168098617855809
OS_4	Osteoblastic_OS	CCL7	1223	0.000175138211960259	0.0817661488143908
OS_4	Osteoblastic_OS	CCL13	1223	0.000402684837210488	0.0817661488143908
OS_4	Osteoblastic_OS	CCL19	1223	0.000116048225165242	0.0817661488143908
OS_4	Osteoblastic_OS	ACKR4	1223	0.00127604023660183	0.245298446443173
OS_4	Osteoblastic_OS	CCR9	1223	0.000356345763758525	0.163532297628782
OS_4	Osteoblastic_OS	TAC4	1223	0.263560333079683	25.6745707277187
OS_4	Osteoblastic_OS	TACR2	1223	0.00132892840262686	0.408830744071954
OS_5	Osteoblastic_OS	CCL7	78	0	0
OS_5	Osteoblastic_OS	CCL13	78	0	0
OS_5	Osteoblastic_OS	CCL19	78	0	0
OS_5	Osteoblastic_OS	ACKR4	78	0	0
OS_5	Osteoblastic_OS	CCR9	78	0	0
OS_5	Osteoblastic_OS	TAC4	78	0	0
OS_5	Osteoblastic_OS	TACR2	78	0	0
OS_6	Osteoblastic_OS	CCL7	632	0.00516960509961305	0.316455696202532
OS_6	Osteoblastic_OS	CCL13	632	0.0045632186857134	0.316455696202532
OS_6	Osteoblastic_OS	CCL19	632	0	0
OS_6	Osteoblastic_OS	ACKR4	632	0	0
OS_6	Osteoblastic_OS	CCR9	632	0.000442904595351954	0.158227848101266
OS_6	Osteoblastic_OS	TAC4	632	0.00530188708518667	1.58227848101266
OS_6	Osteoblastic_OS	TACR2	632	0	0
OS_1	Osteoclast	CCL7	787	0.000900715854909067	0.254129606099111
OS_1	Osteoclast	CCL13	787	0.00135284320833159	0.254129606099111
OS_1	Osteoclast	CCL19	787	0	0
OS_1	Osteoclast	ACKR4	787	0.117141630509705	20.7115628970775
OS_1	Osteoclast	CCR9	787	0	0
OS_1	Osteoclast	TAC4	787	0.000246572691569629	0.127064803049555
OS_1	Osteoclast	TACR2	787	0.00224688978125369	0.635324015247776
OS_2	Osteoclast	CCL7	699	0.00262083880477517	0.429184549356223
OS_2	Osteoclast	CCL13	699	0.00265310701793419	0.715307582260372
OS_2	Osteoclast	CCL19	699	0.00296690875419775	0.429184549356223
OS_2	Osteoclast	ACKR4	699	0.0195035869015802	2.71816881258941
OS_2	Osteoclast	CCR9	699	0	0
OS_2	Osteoclast	TAC4	699	0.0135582981154713	3.43347639484979
OS_2	Osteoclast	TACR2	699	0.000373316376755146	0.143061516452074
OS_3	Osteoclast	CCL7	467	0	0
OS_3	Osteoclast	CCL13	467	0.00128429575295243	0.214132762312634
OS_3	Osteoclast	CCL19	467	0	0
OS_3	Osteoclast	ACKR4	467	0.00111754181029299	0.214132762312634
OS_3	Osteoclast	CCR9	467	0	0
OS_3	Osteoclast	TAC4	467	0	0
OS_3	Osteoclast	TACR2	467	0	0
OS_4	Osteoclast	CCL7	227	0	0
OS_4	Osteoclast	CCL13	227	0	0
OS_4	Osteoclast	CCL19	227	0	0
OS_4	Osteoclast	ACKR4	227	0.025178166521419	5.72687224669604
OS_4	Osteoclast	CCR9	227	0	0
OS_4	Osteoclast	TAC4	227	0.00106194185397978	0.440528634361234
OS_4	Osteoclast	TACR2	227	0	0
OS_5	Osteoclast	CCL7	212	0	0
OS_5	Osteoclast	CCL13	212	0	0
OS_5	Osteoclast	CCL19	212	0	0
OS_5	Osteoclast	ACKR4	212	0.0482603223566767	9.43396226415094
OS_5	Osteoclast	CCR9	212	0	0
OS_5	Osteoclast	TAC4	212	0.00184693274435068	0.471698113207547
OS_5	Osteoclast	TACR2	212	0	0
OS_6	Osteoclast	CCL7	39	0	0
OS_6	Osteoclast	CCL13	39	0	0
OS_6	Osteoclast	CCL19	39	0	0
OS_6	Osteoclast	ACKR4	39	0.0231095703581016	2.56410256410256
OS_6	Osteoclast	CCR9	39	0	0
OS_6	Osteoclast	TAC4	39	0	0
OS_6	Osteoclast	TACR2	39	0	0
OS_1	Pericyte	CCL7	18	0	0
OS_1	Pericyte	CCL13	18	0	0
OS_1	Pericyte	CCL19	18	0.191710102785035	5.55555555555556
OS_1	Pericyte	ACKR4	18	0	0
OS_1	Pericyte	CCR9	18	0	0
OS_1	Pericyte	TAC4	18	0	0
OS_1	Pericyte	TACR2	18	0	0
OS_2	Pericyte	CCL7	155	0	0
OS_2	Pericyte	CCL13	155	0.0430237242141762	3.2258064516129
OS_2	Pericyte	CCL19	155	0.14776745047112	6.45161290322581
OS_2	Pericyte	ACKR4	155	0.0708211851927526	6.45161290322581
OS_2	Pericyte	CCR9	155	0	0
OS_2	Pericyte	TAC4	155	0.0168085074281319	2.58064516129032
OS_2	Pericyte	TACR2	155	0	0
OS_3	Pericyte	CCL7	119	0	0
OS_3	Pericyte	CCL13	119	0	0
OS_3	Pericyte	CCL19	119	0	0
OS_3	Pericyte	ACKR4	119	0.042939930741915	3.36134453781513
OS_3	Pericyte	CCR9	119	0	0
OS_3	Pericyte	TAC4	119	0	0
OS_3	Pericyte	TACR2	119	0	0
OS_4	Pericyte	CCL7	60	0	0
OS_4	Pericyte	CCL13	60	0.0313362477017186	3.33333333333333
OS_4	Pericyte	CCL19	60	0	0
OS_4	Pericyte	ACKR4	60	0.0621159613669769	6.66666666666667
OS_4	Pericyte	CCR9	60	0	0
OS_4	Pericyte	TAC4	60	0	0
OS_4	Pericyte	TACR2	60	0.0113021238904054	3.33333333333333
OS_5	Pericyte	CCL7	98	0	0
OS_5	Pericyte	CCL13	98	0	0
OS_5	Pericyte	CCL19	98	0	0
OS_5	Pericyte	ACKR4	98	0	0
OS_5	Pericyte	CCR9	98	0	0
OS_5	Pericyte	TAC4	98	0.0103318831853201	1.02040816326531
OS_5	Pericyte	TACR2	98	0	0
OS_6	Pericyte	CCL7	50	0	0
OS_6	Pericyte	CCL13	50	0.0140182321415665	2
OS_6	Pericyte	CCL19	50	0	0
OS_6	Pericyte	ACKR4	50	0	0
OS_6	Pericyte	CCR9	50	0	0
OS_6	Pericyte	TAC4	50	0	0
OS_6	Pericyte	TACR2	50	0	0
OS_1	Proliferating	CCL7	910	0.0266068004959505	4.17582417582418
OS_1	Proliferating	CCL13	910	0.0115019067083073	1.42857142857143
OS_1	Proliferating	CCL19	910	0.00230061960297897	0.659340659340659
OS_1	Proliferating	ACKR4	910	0.0283112283711251	6.48351648351648
OS_1	Proliferating	CCR9	910	0	0
OS_1	Proliferating	TAC4	910	0	0
OS_1	Proliferating	TACR2	910	0	0
OS_2	Proliferating	CCL7	373	0.00493545523652505	0.804289544235925
OS_2	Proliferating	CCL13	373	0.0796452868188284	8.57908847184987
OS_2	Proliferating	CCL19	373	0.00319276978881668	0.536193029490617
OS_2	Proliferating	ACKR4	373	0.0113032475724829	3.2171581769437
OS_2	Proliferating	CCR9	373	0	0
OS_2	Proliferating	TAC4	373	0.0142601922784444	3.75335120643432
OS_2	Proliferating	TACR2	373	0.00124267701610399	0.268096514745308
OS_3	Proliferating	CCL7	126	0.00653256848244229	1.58730158730159
OS_3	Proliferating	CCL13	126	0.00763379362548121	0.793650793650794
OS_3	Proliferating	CCL19	126	0.00403458621113327	0.793650793650794
OS_3	Proliferating	ACKR4	126	0.00407887473149522	0.793650793650794
OS_3	Proliferating	CCR9	126	0	0
OS_3	Proliferating	TAC4	126	0	0
OS_3	Proliferating	TACR2	126	0	0
OS_4	Proliferating	CCL7	73	0	0
OS_4	Proliferating	CCL13	73	0.0344605975716075	5.47945205479452
OS_4	Proliferating	CCL19	73	0.00286066927086817	1.36986301369863
OS_4	Proliferating	ACKR4	73	0.00955129938478323	4.10958904109589
OS_4	Proliferating	CCR9	73	0	0
OS_4	Proliferating	TAC4	73	0.0122264195615422	4.10958904109589
OS_4	Proliferating	TACR2	73	0.0226111258839381	4.10958904109589
OS_5	Proliferating	CCL7	635	0	0
OS_5	Proliferating	CCL13	635	0.0245489096730643	2.99212598425197
OS_5	Proliferating	CCL19	635	0.000964094561227324	0.31496062992126
OS_5	Proliferating	ACKR4	635	0.000380443496353431	0.15748031496063
OS_5	Proliferating	CCR9	635	0	0
OS_5	Proliferating	TAC4	635	0	0
OS_5	Proliferating	TACR2	635	0.00103933900651484	0.15748031496063
OS_6	Proliferating	CCL7	81	0.0130958394882654	1.23456790123457
OS_6	Proliferating	CCL13	81	0.00571059471441616	1.23456790123457
OS_6	Proliferating	CCL19	81	0	0
OS_6	Proliferating	ACKR4	81	0	0
OS_6	Proliferating	CCR9	81	0.00951959175475411	1.23456790123457
OS_6	Proliferating	TAC4	81	0	0
OS_6	Proliferating	TACR2	81	0.012326156854912	2.46913580246914
OS_1	T_NK	CCL7	283	0.00578577002811093	0.353356890459364
OS_1	T_NK	CCL13	283	0	0
OS_1	T_NK	CCL19	283	0	0
OS_1	T_NK	ACKR4	283	0.00389621328029329	0.353356890459364
OS_1	T_NK	CCR9	283	0.00725503717585052	0.706713780918728
OS_1	T_NK	TAC4	283	0	0
OS_1	T_NK	TACR2	283	0	0
OS_2	T_NK	CCL7	679	0	0
OS_2	T_NK	CCL13	679	0	0
OS_2	T_NK	CCL19	679	0.00808185403650011	0.441826215022091
OS_2	T_NK	ACKR4	679	0	0
OS_2	T_NK	CCR9	679	0	0
OS_2	T_NK	TAC4	679	0.0289946300967975	1.76730486008837
OS_2	T_NK	TACR2	679	0	0
OS_3	T_NK	CCL7	239	0	0
OS_3	T_NK	CCL13	239	0	0
OS_3	T_NK	CCL19	239	0	0
OS_3	T_NK	ACKR4	239	0	0
OS_3	T_NK	CCR9	239	0	0
OS_3	T_NK	TAC4	239	0	0
OS_3	T_NK	TACR2	239	0	0
OS_4	T_NK	CCL7	423	0	0
OS_4	T_NK	CCL13	423	0	0
OS_4	T_NK	CCL19	423	0	0
OS_4	T_NK	ACKR4	423	0	0
OS_4	T_NK	CCR9	423	0.00950018657649586	0.709219858156028
OS_4	T_NK	TAC4	423	0	0
OS_4	T_NK	TACR2	423	0	0
OS_5	T_NK	CCL7	1524	0	0
OS_5	T_NK	CCL13	1524	0	0
OS_5	T_NK	CCL19	1524	0.0012145240386241	0.0656167979002625
OS_5	T_NK	ACKR4	1524	0.001053340449686	0.0656167979002625
OS_5	T_NK	CCR9	1524	0	0
OS_5	T_NK	TAC4	1524	0.000972729422486947	0.0656167979002625
OS_5	T_NK	TACR2	1524	0.00084424185515639	0.0656167979002625
OS_6	T_NK	CCL7	2600	0.000548234129750821	0.0384615384615385
OS_6	T_NK	CCL13	2600	0.000581032214389979	0.0384615384615385
OS_6	T_NK	CCL19	2600	0.00100147995017942	0.0384615384615385
OS_6	T_NK	ACKR4	2600	0	0
OS_6	T_NK	CCR9	2600	0.00190484352643323	0.115384615384615
OS_6	T_NK	TAC4	2600	0	0
OS_6	T_NK	TACR2	2600	0	0
