cohort	patient	context	gene	state	n_cells	positive_cells	pct_positive	mean_log1p_cp10k
GSE152048	BC16	primary	CCL13	Tumor_mesenchymal	2	0	0.0	0.0
GSE152048	BC16	primary	ACKR4	Tumor_mesenchymal	2	0	0.0	0.0
GSE152048	BC2	primary	CCL13	Tumor_mesenchymal	1	0	0.0	0.0
GSE152048	BC2	primary	ACKR4	Tumor_mesenchymal	1	0	0.0	0.0
GSE152048	BC20	recurrence	CCL13	Tumor_mesenchymal	6969	1	0.0143492610130578	4.21297559750084e-05
GSE152048	BC20	recurrence	ACKR4	Tumor_mesenchymal	6969	10	0.143492610130578	0.0008280957139641
GSE152048	BC21	primary	CCL13	Tumor_mesenchymal	1	0	0.0	0.0
GSE152048	BC21	primary	ACKR4	Tumor_mesenchymal	1	0	0.0	0.0
GSE152048	BC22	primary	CCL13	Tumor_mesenchymal	32	0	0.0	0.0
GSE152048	BC22	primary	ACKR4	Tumor_mesenchymal	32	0	0.0	0.0
GSE152048	BC3	primary	CCL13	Tumor_mesenchymal	3	0	0.0	0.0
GSE152048	BC3	primary	ACKR4	Tumor_mesenchymal	3	0	0.0	0.0
GSE152048	BC5	primary	CCL13	Tumor_mesenchymal	2	0	0.0	0.0
GSE152048	BC5	primary	ACKR4	Tumor_mesenchymal	2	0	0.0	0.0
GSE152048	BC6	primary	CCL13	Tumor_mesenchymal	1	0	0.0	0.0
GSE152048	BC6	primary	ACKR4	Tumor_mesenchymal	1	0	0.0	0.0
GSE152048	BC10	lung_metastasis	CCL13	Endothelial	325	0	0.0	0.0
GSE152048	BC10	lung_metastasis	ACKR4	Endothelial	325	6	1.84615384615385	0.0284385714876681
GSE152048	BC11	recurrence	CCL13	Endothelial	38	0	0.0	0.0
GSE152048	BC11	recurrence	ACKR4	Endothelial	38	0	0.0	0.0
GSE152048	BC16	primary	CCL13	Endothelial	391	1	0.255754475703325	0.0022255316410726
GSE152048	BC16	primary	ACKR4	Endothelial	391	0	0.0	0.0
GSE152048	BC17	lung_metastasis	CCL13	Endothelial	76	0	0.0	0.0
GSE152048	BC17	lung_metastasis	ACKR4	Endothelial	76	0	0.0	0.0
GSE152048	BC2	primary	CCL13	Endothelial	582	5	0.859106529209622	0.0172416463020516
GSE152048	BC2	primary	ACKR4	Endothelial	582	0	0.0	0.0
GSE152048	BC20	recurrence	CCL13	Endothelial	17	0	0.0	0.0
GSE152048	BC20	recurrence	ACKR4	Endothelial	17	0	0.0	0.0
GSE152048	BC21	primary	CCL13	Endothelial	390	1	0.256410256410256	0.0071627138077106
GSE152048	BC21	primary	ACKR4	Endothelial	390	5	1.28205128205128	0.0176538985814155
GSE152048	BC22	primary	CCL13	Endothelial	401	0	0.0	0.0
GSE152048	BC22	primary	ACKR4	Endothelial	401	4	0.997506234413965	0.0105055339455926
GSE152048	BC3	primary	CCL13	Endothelial	152	0	0.0	0.0
GSE152048	BC3	primary	ACKR4	Endothelial	152	0	0.0	0.0
GSE152048	BC5	primary	CCL13	Endothelial	1041	1	0.0960614793467819	0.0016028895112081
GSE152048	BC5	primary	ACKR4	Endothelial	1041	4	0.384245917387128	0.0061688803342918
GSE152048	BC6	primary	CCL13	Endothelial	561	2	0.35650623885918	0.0079498856133772
GSE152048	BC6	primary	ACKR4	Endothelial	561	0	0.0	0.0
GSE152048	BC10	lung_metastasis	CCL13	Fibroblast_MSC	13169	50	0.379679550459412	0.0057932396611243
GSE152048	BC10	lung_metastasis	ACKR4	Fibroblast_MSC	13169	39	0.296150049358342	0.0032387883221156
GSE152048	BC11	recurrence	CCL13	Fibroblast_MSC	48	1	2.08333333333333	0.0359336450251401
GSE152048	BC11	recurrence	ACKR4	Fibroblast_MSC	48	2	4.16666666666667	0.0343311764597377
GSE152048	BC16	primary	CCL13	Fibroblast_MSC	523	0	0.0	0.0
GSE152048	BC16	primary	ACKR4	Fibroblast_MSC	523	2	0.382409177820268	0.0029137253601528
GSE152048	BC17	lung_metastasis	CCL13	Fibroblast_MSC	3215	24	0.746500777604977	0.0056048453561305
GSE152048	BC17	lung_metastasis	ACKR4	Fibroblast_MSC	3215	12	0.373250388802488	0.00189159083565
GSE152048	BC2	primary	CCL13	Fibroblast_MSC	167	1	0.598802395209581	0.0143804765970092
GSE152048	BC2	primary	ACKR4	Fibroblast_MSC	167	0	0.0	0.0
GSE152048	BC20	recurrence	CCL13	Fibroblast_MSC	1023	4	0.391006842619746	0.0025332979406454
GSE152048	BC20	recurrence	ACKR4	Fibroblast_MSC	1023	16	1.56402737047898	0.0121002429246461
GSE152048	BC21	primary	CCL13	Fibroblast_MSC	1076	4	0.371747211895911	0.0060904379685881
GSE152048	BC21	primary	ACKR4	Fibroblast_MSC	1076	5	0.464684014869888	0.0059222048963867
GSE152048	BC22	primary	CCL13	Fibroblast_MSC	4904	81	1.65171288743883	0.0207722652866205
GSE152048	BC22	primary	ACKR4	Fibroblast_MSC	4904	126	2.56933115823817	0.0208148679781549
GSE152048	BC3	primary	CCL13	Fibroblast_MSC	2625	1	0.0380952380952381	0.0006885122430074
GSE152048	BC3	primary	ACKR4	Fibroblast_MSC	2625	0	0.0	0.0
GSE152048	BC5	primary	CCL13	Fibroblast_MSC	9613	23	0.239259336315406	0.0033241891704294
GSE152048	BC5	primary	ACKR4	Fibroblast_MSC	9613	10	0.104025798398003	0.0011521511414403
GSE152048	BC6	primary	CCL13	Fibroblast_MSC	9161	18	0.196485099879926	0.0026720323516856
GSE152048	BC6	primary	ACKR4	Fibroblast_MSC	9161	26	0.283811810937671	0.0033211472802335
GSE152048	BC10	lung_metastasis	CCL13	Myeloid	1211	17	1.4037985136251	0.0266959601816857
GSE152048	BC10	lung_metastasis	ACKR4	Myeloid	1211	5	0.412881915772089	0.0042498597821898
GSE152048	BC11	recurrence	CCL13	Myeloid	797	19	2.38393977415307	0.0474819805566443
GSE152048	BC11	recurrence	ACKR4	Myeloid	797	0	0.0	0.0
GSE152048	BC16	primary	CCL13	Myeloid	3670	92	2.50681198910082	0.0218323828207564
GSE152048	BC16	primary	ACKR4	Myeloid	3670	2	0.0544959128065395	0.0002786000741525
GSE152048	BC17	lung_metastasis	CCL13	Myeloid	281	15	5.33807829181495	0.0776186389895499
GSE152048	BC17	lung_metastasis	ACKR4	Myeloid	281	2	0.711743772241993	0.0018099206429149
GSE152048	BC2	primary	CCL13	Myeloid	2519	187	7.4235807860262	0.196684692756161
GSE152048	BC2	primary	ACKR4	Myeloid	2519	0	0.0	0.0
GSE152048	BC20	recurrence	CCL13	Myeloid	747	12	1.60642570281124	0.0121632739115076
GSE152048	BC20	recurrence	ACKR4	Myeloid	747	1	0.133868808567604	0.0010206759594609
GSE152048	BC21	primary	CCL13	Myeloid	1103	63	5.7116953762466	0.0706087544707855
GSE152048	BC21	primary	ACKR4	Myeloid	1103	7	0.634632819582956	0.0026840178594482
GSE152048	BC22	primary	CCL13	Myeloid	1266	46	3.63349131121643	0.0463021805519174
GSE152048	BC22	primary	ACKR4	Myeloid	1266	4	0.315955766192733	0.0032202561000202
GSE152048	BC3	primary	CCL13	Myeloid	3413	16	0.468795780837973	0.0136364423906407
GSE152048	BC3	primary	ACKR4	Myeloid	3413	1	0.0292997363023733	0.0004724067239096
GSE152048	BC5	primary	CCL13	Myeloid	4747	14	0.29492310933221	0.0062331183347371
GSE152048	BC5	primary	ACKR4	Myeloid	4747	1	0.0210659363808721	0.0003293439962872
GSE152048	BC6	primary	CCL13	Myeloid	5224	273	5.22588055130168	0.0892524668666684
GSE152048	BC6	primary	ACKR4	Myeloid	5224	1	0.0191424196018377	7.39579725498673e-05
GSE152048	BC16	primary	CCL13	Tumor_mesenchymal	3241	8	0.246837395865474	0.0020777895834306
GSE152048	BC16	primary	ACKR4	Tumor_mesenchymal	3241	3	0.0925640234495526	0.0006134999126567
GSE152048	BC10	lung_metastasis	CCL13	Osteoclast	266	0	0.0	0.0
GSE152048	BC10	lung_metastasis	ACKR4	Osteoclast	266	15	5.6390977443609	0.0748199830602615
GSE152048	BC16	primary	CCL13	Osteoclast	663	0	0.0	0.0
GSE152048	BC16	primary	ACKR4	Osteoclast	663	18	2.71493212669683	0.0186568494990636
GSE152048	BC17	lung_metastasis	CCL13	Osteoclast	129	0	0.0	0.0
GSE152048	BC17	lung_metastasis	ACKR4	Osteoclast	129	7	5.42635658914729	0.0279955469530434
GSE152048	BC2	primary	CCL13	Osteoclast	373	5	1.34048257372654	0.0158673228597636
GSE152048	BC2	primary	ACKR4	Osteoclast	373	0	0.0	0.0
GSE152048	BC21	primary	CCL13	Osteoclast	1472	0	0.0	0.0
GSE152048	BC21	primary	ACKR4	Osteoclast	1472	12	0.815217391304348	0.0036981368226233
GSE152048	BC3	primary	CCL13	Osteoclast	992	0	0.0	0.0
GSE152048	BC3	primary	ACKR4	Osteoclast	992	1	0.100806451612903	0.0025509802275792
GSE152048	BC5	primary	CCL13	Osteoclast	1050	2	0.19047619047619	0.0012340911498393
GSE152048	BC5	primary	ACKR4	Osteoclast	1050	8	0.761904761904762	0.0087334133176271
GSE152048	BC6	primary	CCL13	Osteoclast	2854	20	0.700770847932726	0.0050862624375477
GSE152048	BC6	primary	ACKR4	Osteoclast	2854	9	0.315346881569727	0.0027497733534768
GSE152048	BC10	lung_metastasis	CCL13	Pericyte	263	2	0.760456273764259	0.0147649928036771
GSE152048	BC10	lung_metastasis	ACKR4	Pericyte	263	10	3.80228136882129	0.0631171373671482
GSE152048	BC11	recurrence	CCL13	Pericyte	24	1	4.16666666666667	0.0449584923866556
GSE152048	BC11	recurrence	ACKR4	Pericyte	24	0	0.0	0.0
GSE152048	BC16	primary	CCL13	Pericyte	22	0	0.0	0.0
GSE152048	BC16	primary	ACKR4	Pericyte	22	0	0.0	0.0
GSE152048	BC17	lung_metastasis	CCL13	Pericyte	4	0	0.0	0.0
GSE152048	BC17	lung_metastasis	ACKR4	Pericyte	4	1	25.0	0.0893404982724427
GSE152048	BC2	primary	CCL13	Pericyte	1500	65	4.33333333333333	0.101769544767146
GSE152048	BC2	primary	ACKR4	Pericyte	1500	0	0.0	0.0
GSE152048	BC20	recurrence	CCL13	Pericyte	104	0	0.0	0.0
GSE152048	BC20	recurrence	ACKR4	Pericyte	104	0	0.0	0.0
GSE152048	BC21	primary	CCL13	Pericyte	82	1	1.21951219512195	0.0311367648295439
GSE152048	BC21	primary	ACKR4	Pericyte	82	0	0.0	0.0
GSE152048	BC22	primary	CCL13	Pericyte	63	4	6.34920634920635	0.104611079470511
GSE152048	BC22	primary	ACKR4	Pericyte	63	0	0.0	0.0
GSE152048	BC3	primary	CCL13	Pericyte	140	0	0.0	0.0
GSE152048	BC3	primary	ACKR4	Pericyte	140	0	0.0	0.0
GSE152048	BC5	primary	CCL13	Pericyte	385	5	1.2987012987013	0.0300341698136905
GSE152048	BC5	primary	ACKR4	Pericyte	385	17	4.41558441558442	0.0651873696723747
GSE152048	BC6	primary	CCL13	Pericyte	152	0	0.0	0.0
GSE152048	BC6	primary	ACKR4	Pericyte	152	0	0.0	0.0
GSE152048	BC10	lung_metastasis	CCL13	Tumor_mesenchymal	2	0	0.0	0.0
GSE152048	BC10	lung_metastasis	ACKR4	Tumor_mesenchymal	2	0	0.0	0.0
GSE152048	BC11	recurrence	CCL13	Tumor_mesenchymal	9889	18	0.182020426736778	0.0024685333818387
GSE152048	BC11	recurrence	ACKR4	Tumor_mesenchymal	9889	3	0.030336737789463	0.0002701614003241
GSE152048	BC2	primary	CCL13	Tumor_mesenchymal	1	0	0.0	0.0
GSE152048	BC2	primary	ACKR4	Tumor_mesenchymal	1	0	0.0	0.0
GSE152048	BC3	primary	CCL13	Tumor_mesenchymal	1	0	0.0	0.0
GSE152048	BC3	primary	ACKR4	Tumor_mesenchymal	1	0	0.0	0.0
GSE152048	BC10	lung_metastasis	CCL13	T_NK	32	0	0.0	0.0
GSE152048	BC10	lung_metastasis	ACKR4	T_NK	32	0	0.0	0.0
GSE152048	BC11	recurrence	CCL13	T_NK	229	0	0.0	0.0
GSE152048	BC11	recurrence	ACKR4	T_NK	229	0	0.0	0.0
GSE152048	BC16	primary	CCL13	T_NK	495	0	0.0	0.0
GSE152048	BC16	primary	ACKR4	T_NK	495	0	0.0	0.0
GSE152048	BC17	lung_metastasis	CCL13	T_NK	2	0	0.0	0.0
GSE152048	BC17	lung_metastasis	ACKR4	T_NK	2	0	0.0	0.0
GSE152048	BC2	primary	CCL13	T_NK	282	4	1.41843971631206	0.034096683202943
GSE152048	BC2	primary	ACKR4	T_NK	282	0	0.0	0.0
GSE152048	BC20	recurrence	CCL13	T_NK	48	0	0.0	0.0
GSE152048	BC20	recurrence	ACKR4	T_NK	48	0	0.0	0.0
GSE152048	BC21	primary	CCL13	T_NK	1164	0	0.0	0.0
GSE152048	BC21	primary	ACKR4	T_NK	1164	0	0.0	0.0
GSE152048	BC22	primary	CCL13	T_NK	926	2	0.215982721382289	0.0049241120473745
GSE152048	BC22	primary	ACKR4	T_NK	926	1	0.107991360691145	0.0014920759201238
GSE152048	BC3	primary	CCL13	T_NK	526	2	0.380228136882129	0.0106236772912615
GSE152048	BC3	primary	ACKR4	T_NK	526	0	0.0	0.0
GSE152048	BC5	primary	CCL13	T_NK	220	0	0.0	0.0
GSE152048	BC5	primary	ACKR4	T_NK	220	0	0.0	0.0
GSE152048	BC6	primary	CCL13	T_NK	184	0	0.0	0.0
GSE152048	BC6	primary	ACKR4	T_NK	184	0	0.0	0.0
GSE162454	OS_1	primary	CCL13	B_plasma	19	0	0.0	0.0
GSE162454	OS_1	primary	ACKR4	B_plasma	19	0	0.0	0.0
GSE162454	OS_2	primary	CCL13	B_plasma	22	0	0.0	0.0
GSE162454	OS_2	primary	ACKR4	B_plasma	22	0	0.0	0.0
GSE162454	OS_3	primary	CCL13	B_plasma	14	0	0.0	0.0
GSE162454	OS_3	primary	ACKR4	B_plasma	14	0	0.0	0.0
GSE162454	OS_4	primary	CCL13	B_plasma	128	0	0.0	0.0
GSE162454	OS_4	primary	ACKR4	B_plasma	128	0	0.0	0.0
GSE162454	OS_5	primary	CCL13	B_plasma	16	0	0.0	0.0
GSE162454	OS_5	primary	ACKR4	B_plasma	16	0	0.0	0.0
GSE162454	OS_6	primary	CCL13	B_plasma	1054	0	0.0	0.0
GSE162454	OS_6	primary	ACKR4	B_plasma	1054	0	0.0	0.0
GSE162454	OS_6	primary	CCL13	Tumor_mesenchymal	1568	0	0.0	0.0
GSE162454	OS_6	primary	ACKR4	Tumor_mesenchymal	1568	7	0.446428571428571	0.001780342045286
GSE162454	OS_1	primary	CCL13	Endothelial	37	0	0.0	0.0
GSE162454	OS_1	primary	ACKR4	Endothelial	37	0	0.0	0.0
GSE162454	OS_2	primary	CCL13	Endothelial	242	0	0.0	0.0
GSE162454	OS_2	primary	ACKR4	Endothelial	242	0	0.0	0.0
GSE162454	OS_3	primary	CCL13	Endothelial	182	0	0.0	0.0
GSE162454	OS_3	primary	ACKR4	Endothelial	182	0	0.0	0.0
GSE162454	OS_4	primary	CCL13	Endothelial	81	0	0.0	0.0
GSE162454	OS_4	primary	ACKR4	Endothelial	81	0	0.0	0.0
GSE162454	OS_5	primary	CCL13	Endothelial	157	0	0.0	0.0
GSE162454	OS_5	primary	ACKR4	Endothelial	157	0	0.0	0.0
GSE162454	OS_6	primary	CCL13	Endothelial	127	0	0.0	0.0
GSE162454	OS_6	primary	ACKR4	Endothelial	127	0	0.0	0.0
GSE162454	OS_1	primary	CCL13	Fibroblast_MSC	49	0	0.0	0.0
GSE162454	OS_1	primary	ACKR4	Fibroblast_MSC	49	2	4.08163265306122	0.0277785015290366
GSE162454	OS_2	primary	CCL13	Fibroblast_MSC	2289	14	0.611620795107034	0.0067734375871197
GSE162454	OS_2	primary	ACKR4	Fibroblast_MSC	2289	4	0.17474879860201	0.002621772605153
GSE162454	OS_3	primary	CCL13	Fibroblast_MSC	283	0	0.0	0.0
GSE162454	OS_3	primary	ACKR4	Fibroblast_MSC	283	9	3.18021201413428	0.0410836228478136
GSE162454	OS_4	primary	CCL13	Fibroblast_MSC	88	5	5.68181818181818	0.0952555094980842
GSE162454	OS_4	primary	ACKR4	Fibroblast_MSC	88	17	19.3181818181818	0.119976752634206
GSE162454	OS_5	primary	CCL13	Fibroblast_MSC	410	1	0.24390243902439	0.0005030550461305
GSE162454	OS_5	primary	ACKR4	Fibroblast_MSC	410	2	0.487804878048781	0.0012584768586127
GSE162454	OS_6	primary	CCL13	Fibroblast_MSC	518	1	0.193050193050193	0.0020340805854546
GSE162454	OS_6	primary	ACKR4	Fibroblast_MSC	518	1	0.193050193050193	0.0044769097717599
GSE162454	OS_1	primary	CCL13	Myeloid	2794	53	1.89692197566213	0.016173905648846
GSE162454	OS_1	primary	ACKR4	Myeloid	2794	28	1.00214745884037	0.0050992424210325
GSE162454	OS_2	primary	CCL13	Myeloid	1837	204	11.1050626020686	0.146488173473719
GSE162454	OS_2	primary	ACKR4	Myeloid	1837	2	0.108873162765378	0.001528413441966
GSE162454	OS_3	primary	CCL13	Myeloid	344	7	2.03488372093023	0.0278237721928402
GSE162454	OS_3	primary	ACKR4	Myeloid	344	1	0.290697674418605	0.0018427451947589
GSE162454	OS_4	primary	CCL13	Myeloid	1369	30	2.19138056975895	0.0203275420958258
GSE162454	OS_4	primary	ACKR4	Myeloid	1369	3	0.219138056975895	0.001402048712835
GSE162454	OS_5	primary	CCL13	Myeloid	5118	286	5.58812035951544	0.0683628029467037
GSE162454	OS_5	primary	ACKR4	Myeloid	5118	8	0.156311059007425	0.001696077711083
GSE162454	OS_6	primary	CCL13	Myeloid	967	26	2.68872802481903	0.0288822296113835
GSE162454	OS_6	primary	ACKR4	Myeloid	967	1	0.103412616339193	0.0006498315133909
GSE162454	OS_1	primary	CCL13	Tumor_mesenchymal	2047	1	0.0488519785051295	0.0011794926914921
GSE162454	OS_1	primary	ACKR4	Tumor_mesenchymal	2047	5	0.244259892525647	0.0006441619089134
GSE162454	OS_2	primary	CCL13	Tumor_mesenchymal	171	3	1.75438596491228	0.0390132003443054
GSE162454	OS_2	primary	ACKR4	Tumor_mesenchymal	171	0	0.0	0.0
GSE162454	OS_3	primary	CCL13	Tumor_mesenchymal	5354	1	0.018677624206201	0.0001049348333408
GSE162454	OS_3	primary	ACKR4	Tumor_mesenchymal	5354	4	0.0747104968248039	0.0006022339503188
GSE162454	OS_4	primary	CCL13	Tumor_mesenchymal	1223	1	0.0817661488143908	0.0004026848372104
GSE162454	OS_4	primary	ACKR4	Tumor_mesenchymal	1223	3	0.245298446443173	0.0012760402366018
GSE162454	OS_5	primary	CCL13	Tumor_mesenchymal	78	0	0.0	0.0
GSE162454	OS_5	primary	ACKR4	Tumor_mesenchymal	78	0	0.0	0.0
GSE162454	OS_6	primary	CCL13	Tumor_mesenchymal	632	2	0.316455696202532	0.0045632186857134
GSE162454	OS_6	primary	ACKR4	Tumor_mesenchymal	632	0	0.0	0.0
GSE162454	OS_1	primary	CCL13	Osteoclast	787	2	0.254129606099111	0.0013528432083315
GSE162454	OS_1	primary	ACKR4	Osteoclast	787	163	20.7115628970775	0.117141630509705
GSE162454	OS_2	primary	CCL13	Osteoclast	699	5	0.715307582260372	0.0026531070179341
GSE162454	OS_2	primary	ACKR4	Osteoclast	699	19	2.71816881258941	0.0195035869015802
GSE162454	OS_3	primary	CCL13	Osteoclast	467	1	0.214132762312634	0.0012842957529524
GSE162454	OS_3	primary	ACKR4	Osteoclast	467	1	0.214132762312634	0.0011175418102929
GSE162454	OS_4	primary	CCL13	Osteoclast	227	0	0.0	0.0
GSE162454	OS_4	primary	ACKR4	Osteoclast	227	13	5.72687224669604	0.025178166521419
GSE162454	OS_5	primary	CCL13	Osteoclast	212	0	0.0	0.0
GSE162454	OS_5	primary	ACKR4	Osteoclast	212	20	9.43396226415094	0.0482603223566767
GSE162454	OS_6	primary	CCL13	Osteoclast	39	0	0.0	0.0
GSE162454	OS_6	primary	ACKR4	Osteoclast	39	1	2.56410256410256	0.0231095703581016
GSE162454	OS_1	primary	CCL13	Pericyte	18	0	0.0	0.0
GSE162454	OS_1	primary	ACKR4	Pericyte	18	0	0.0	0.0
GSE162454	OS_2	primary	CCL13	Pericyte	155	5	3.2258064516129	0.0430237242141762
GSE162454	OS_2	primary	ACKR4	Pericyte	155	10	6.45161290322581	0.0708211851927526
GSE162454	OS_3	primary	CCL13	Pericyte	119	0	0.0	0.0
GSE162454	OS_3	primary	ACKR4	Pericyte	119	4	3.36134453781513	0.042939930741915
GSE162454	OS_4	primary	CCL13	Pericyte	60	2	3.33333333333333	0.0313362477017186
GSE162454	OS_4	primary	ACKR4	Pericyte	60	4	6.66666666666667	0.0621159613669769
GSE162454	OS_5	primary	CCL13	Pericyte	98	0	0.0	0.0
GSE162454	OS_5	primary	ACKR4	Pericyte	98	0	0.0	0.0
GSE162454	OS_6	primary	CCL13	Pericyte	50	1	2.0	0.0140182321415665
GSE162454	OS_6	primary	ACKR4	Pericyte	50	0	0.0	0.0
GSE162454	OS_1	primary	CCL13	Other	910	13	1.42857142857143	0.0115019067083073
GSE162454	OS_1	primary	ACKR4	Other	910	59	6.48351648351648	0.0283112283711251
GSE162454	OS_2	primary	CCL13	Other	373	32	8.57908847184987	0.0796452868188284
GSE162454	OS_2	primary	ACKR4	Other	373	12	3.2171581769437	0.0113032475724829
GSE162454	OS_3	primary	CCL13	Other	126	1	0.793650793650794	0.0076337936254812
GSE162454	OS_3	primary	ACKR4	Other	126	1	0.793650793650794	0.0040788747314952
GSE162454	OS_4	primary	CCL13	Other	73	4	5.47945205479452	0.0344605975716075
GSE162454	OS_4	primary	ACKR4	Other	73	3	4.10958904109589	0.0095512993847832
GSE162454	OS_5	primary	CCL13	Other	635	19	2.99212598425197	0.0245489096730643
GSE162454	OS_5	primary	ACKR4	Other	635	1	0.15748031496063	0.0003804434963534
GSE162454	OS_6	primary	CCL13	Other	81	1	1.23456790123457	0.0057105947144161
GSE162454	OS_6	primary	ACKR4	Other	81	0	0.0	0.0
GSE162454	OS_1	primary	CCL13	T_NK	283	0	0.0	0.0
GSE162454	OS_1	primary	ACKR4	T_NK	283	1	0.353356890459364	0.0038962132802932
GSE162454	OS_2	primary	CCL13	T_NK	679	0	0.0	0.0
GSE162454	OS_2	primary	ACKR4	T_NK	679	0	0.0	0.0
GSE162454	OS_3	primary	CCL13	T_NK	239	0	0.0	0.0
GSE162454	OS_3	primary	ACKR4	T_NK	239	0	0.0	0.0
GSE162454	OS_4	primary	CCL13	T_NK	423	0	0.0	0.0
GSE162454	OS_4	primary	ACKR4	T_NK	423	0	0.0	0.0
GSE162454	OS_5	primary	CCL13	T_NK	1524	0	0.0	0.0
GSE162454	OS_5	primary	ACKR4	T_NK	1524	1	0.0656167979002625	0.001053340449686
GSE162454	OS_6	primary	CCL13	T_NK	2600	1	0.0384615384615385	0.0005810322143899
GSE162454	OS_6	primary	ACKR4	T_NK	2600	0	0.0	0.0
GSE270231	NCHS-009	lung_metastasis	CCL13	B_plasma	741	0	0.0	0.0
GSE270231	NCHS-009	lung_metastasis	ACKR4	B_plasma	741	0	0.0	0.0
GSE270231	NCHS-015	lung_metastasis	CCL13	B_plasma	1	0	0.0	0.0
GSE270231	NCHS-015	lung_metastasis	ACKR4	B_plasma	1	0	0.0	0.0
GSE270231	SC069	lung_metastasis	CCL13	B_plasma	21	0	0.0	0.0
GSE270231	SC069	lung_metastasis	ACKR4	B_plasma	21	0	0.0	0.0
GSE270231	SC072	lung_metastasis	CCL13	B_plasma	40	0	0.0	0.0
GSE270231	SC072	lung_metastasis	ACKR4	B_plasma	40	0	0.0	0.0
GSE270231	SC073	lung_metastasis	CCL13	B_plasma	5	0	0.0	0.0
GSE270231	SC073	lung_metastasis	ACKR4	B_plasma	5	0	0.0	0.0
GSE270231	NCHS-009	lung_metastasis	CCL13	Endothelial	478	0	0.0	0.0
GSE270231	NCHS-009	lung_metastasis	ACKR4	Endothelial	478	13	2.71966527196653	0.0187609778484884
GSE270231	NCHS-015	lung_metastasis	CCL13	Endothelial	353	0	0.0	0.0
GSE270231	NCHS-015	lung_metastasis	ACKR4	Endothelial	353	3	0.84985835694051	0.0134246036550222
GSE270231	SC069	lung_metastasis	CCL13	Endothelial	209	0	0.0	0.0
GSE270231	SC069	lung_metastasis	ACKR4	Endothelial	209	1	0.478468899521531	0.0062919233907625
GSE270231	SC072	lung_metastasis	CCL13	Endothelial	57	0	0.0	0.0
GSE270231	SC072	lung_metastasis	ACKR4	Endothelial	57	1	1.75438596491228	0.0400746014816799
GSE270231	SC073	lung_metastasis	CCL13	Endothelial	40	0	0.0	0.0
GSE270231	SC073	lung_metastasis	ACKR4	Endothelial	40	0	0.0	0.0
GSE270231	NCHS-009	lung_metastasis	CCL13	Fibroblast_MSC	1695	17	1.00294985250737	0.0085495007518296
GSE270231	NCHS-009	lung_metastasis	ACKR4	Fibroblast_MSC	1695	46	2.71386430678466	0.01088495815007
GSE270231	NCHS-015	lung_metastasis	CCL13	Fibroblast_MSC	2	0	0.0	0.0
GSE270231	NCHS-015	lung_metastasis	ACKR4	Fibroblast_MSC	2	0	0.0	0.0
GSE270231	SC069	lung_metastasis	CCL13	Fibroblast_MSC	1088	0	0.0	0.0
GSE270231	SC069	lung_metastasis	ACKR4	Fibroblast_MSC	1088	11	1.01102941176471	0.0095246012740426
GSE270231	SC072	lung_metastasis	CCL13	Fibroblast_MSC	119	0	0.0	0.0
GSE270231	SC072	lung_metastasis	ACKR4	Fibroblast_MSC	119	2	1.68067226890756	0.0180728712806356
GSE270231	SC073	lung_metastasis	CCL13	Fibroblast_MSC	32	0	0.0	0.0
GSE270231	SC073	lung_metastasis	ACKR4	Fibroblast_MSC	32	0	0.0	0.0
GSE270231	NCHS-009	lung_metastasis	CCL13	Other	48	0	0.0	0.0
GSE270231	NCHS-009	lung_metastasis	ACKR4	Other	48	1	2.08333333333333	0.0122241127277415
GSE270231	NCHS-015	lung_metastasis	CCL13	Other	1073	0	0.0	0.0
GSE270231	NCHS-015	lung_metastasis	ACKR4	Other	1073	11	1.02516309412861	0.008031816208816
GSE270231	SC069	lung_metastasis	CCL13	Other	3	0	0.0	0.0
GSE270231	SC069	lung_metastasis	ACKR4	Other	3	0	0.0	0.0
GSE270231	SC072	lung_metastasis	CCL13	Other	494	0	0.0	0.0
GSE270231	SC072	lung_metastasis	ACKR4	Other	494	7	1.417004048583	0.0192427343236922
GSE270231	SC073	lung_metastasis	CCL13	Other	152	0	0.0	0.0
GSE270231	SC073	lung_metastasis	ACKR4	Other	152	1	0.657894736842105	0.0128178552392547
GSE270231	NCHS-009	lung_metastasis	CCL13	Myeloid	1697	12	0.707130229817325	0.0075358598820903
GSE270231	NCHS-009	lung_metastasis	ACKR4	Myeloid	1697	4	0.235710076605775	0.0024217160546449
GSE270231	NCHS-015	lung_metastasis	CCL13	Myeloid	3	0	0.0	0.0
GSE270231	NCHS-015	lung_metastasis	ACKR4	Myeloid	3	0	0.0	0.0
GSE270231	SC069	lung_metastasis	CCL13	Myeloid	4595	3	0.0652883569096844	0.0013068854407339
GSE270231	SC069	lung_metastasis	ACKR4	Myeloid	4595	11	0.239390642002176	0.0056034787016799
GSE270231	SC072	lung_metastasis	CCL13	Myeloid	86	0	0.0	0.0
GSE270231	SC072	lung_metastasis	ACKR4	Myeloid	86	0	0.0	0.0
GSE270231	SC073	lung_metastasis	CCL13	Myeloid	536	2	0.373134328358209	0.0043047297940697
GSE270231	SC073	lung_metastasis	ACKR4	Myeloid	536	1	0.186567164179104	0.0064635771851547
GSE270231	NCHS-015	lung_metastasis	CCL13	Tumor_mesenchymal	7151	0	0.0	0.0
GSE270231	NCHS-015	lung_metastasis	ACKR4	Tumor_mesenchymal	7151	52	0.727171025031464	0.0072292281019413
GSE270231	SC069	lung_metastasis	CCL13	Tumor_mesenchymal	2	0	0.0	0.0
GSE270231	SC069	lung_metastasis	ACKR4	Tumor_mesenchymal	2	0	0.0	0.0
GSE270231	SC073	lung_metastasis	CCL13	Tumor_mesenchymal	1464	0	0.0	0.0
GSE270231	SC073	lung_metastasis	ACKR4	Tumor_mesenchymal	1464	8	0.546448087431694	0.0067922418482724
GSE270231	NCHS-015	lung_metastasis	CCL13	Osteoclast	483	0	0.0	0.0
GSE270231	NCHS-015	lung_metastasis	ACKR4	Osteoclast	483	6	1.24223602484472	0.0098407125355901
GSE270231	SC072	lung_metastasis	CCL13	Osteoclast	3	0	0.0	0.0
GSE270231	SC072	lung_metastasis	ACKR4	Osteoclast	3	0	0.0	0.0
GSE270231	SC073	lung_metastasis	CCL13	Osteoclast	156	0	0.0	0.0
GSE270231	SC073	lung_metastasis	ACKR4	Osteoclast	156	0	0.0	0.0
GSE270231	NCHS-009	lung_metastasis	CCL13	Other	7	0	0.0	0.0
GSE270231	NCHS-009	lung_metastasis	ACKR4	Other	7	0	0.0	0.0
GSE270231	NCHS-015	lung_metastasis	CCL13	Other	232	0	0.0	0.0
GSE270231	NCHS-015	lung_metastasis	ACKR4	Other	232	5	2.1551724137931	0.0211484501544595
GSE270231	SC069	lung_metastasis	CCL13	Other	166	0	0.0	0.0
GSE270231	SC069	lung_metastasis	ACKR4	Other	166	0	0.0	0.0
GSE270231	SC072	lung_metastasis	CCL13	Other	1	0	0.0	0.0
GSE270231	SC072	lung_metastasis	ACKR4	Other	1	0	0.0	0.0
GSE270231	SC073	lung_metastasis	CCL13	Other	18	0	0.0	0.0
GSE270231	SC073	lung_metastasis	ACKR4	Other	18	0	0.0	0.0
GSE270231	NCHS-009	lung_metastasis	CCL13	T_NK	4783	0	0.0	0.0
GSE270231	NCHS-009	lung_metastasis	ACKR4	T_NK	4783	3	0.0627221409157433	0.0009051030053846
GSE270231	NCHS-015	lung_metastasis	CCL13	T_NK	1	0	0.0	0.0
GSE270231	NCHS-015	lung_metastasis	ACKR4	T_NK	1	0	0.0	0.0
GSE270231	SC069	lung_metastasis	CCL13	T_NK	1444	0	0.0	0.0
GSE270231	SC069	lung_metastasis	ACKR4	T_NK	1444	1	0.0692520775623269	0.0021914478994759
GSE270231	SC072	lung_metastasis	CCL13	T_NK	151	0	0.0	0.0
GSE270231	SC072	lung_metastasis	ACKR4	T_NK	151	0	0.0	0.0
GSE270231	SC073	lung_metastasis	CCL13	T_NK	85	0	0.0	0.0
GSE270231	SC073	lung_metastasis	ACKR4	T_NK	85	0	0.0	0.0
